time,H,R,E,F,A
2019/5/6 9:31,0.0,0.0,1.0,0.0,0.8059999999999999
2019/5/6 9:35,0.0,0.0,1.0,0.0,0.812
2019/5/6 9:36,0.0,0.0,1.0,0.0,0.81
2019/5/6 9:39,0.0,0.0,1.0,0.0,1.5959999999999999
2019/5/6 9:40,0.0,0.0,1.0,0.0,1.208
2019/5/6 9:41,0.0,0.0,1.0,0.0,0.972
2019/5/6 9:42,0.0,0.0,1.0,0.0,0.919
2019/5/6 9:43,0.0,0.0,1.0,0.0,1.121
2019/5/6 9:44,0.0,0.0,1.0,0.0,1.151
2019/5/6 9:45,0.0,0.0,1.0,0.0,1.626
2019/5/6 10:00,0.0,0.0,0.0,1.0,0.818
2019/5/6 10:01,0.0,0.0,0.0,1.0,0.848
2019/5/6 10:02,0.0,0.0,0.0,1.0,0.997
2019/5/6 10:03,0.0,0.0,0.0,1.0,1.161
2019/5/6 10:04,1.0,1.0,0.0,1.0,1.4140000000000001
2019/5/6 10:07,0.0,0.0,1.0,0.0,0.919
2019/5/6 10:08,0.0,0.0,1.0,0.0,1.0390000000000001
2019/5/6 10:09,0.0,0.0,1.0,0.0,1.03
2019/5/6 10:10,0.0,0.0,1.0,0.0,0.851
2019/5/6 10:11,0.0,0.0,1.0,0.0,0.9470000000000001
2019/5/6 10:14,0.0,0.0,1.0,0.0,0.905
2019/5/6 10:17,0.0,0.0,1.0,0.0,0.8270000000000001
2019/5/6 10:18,0.0,0.0,1.0,0.0,0.8690000000000001
2019/5/6 10:23,0.0,0.0,1.0,0.0,0.976
2019/5/6 10:25,0.0,0.0,1.0,0.0,0.935
2019/5/6 10:26,0.0,0.0,1.0,0.0,0.97
2019/5/6 10:27,0.0,0.0,1.0,0.0,0.9179999999999999
2019/5/6 10:28,0.0,0.0,1.0,0.0,0.846
2019/5/6 10:29,0.0,0.0,1.0,0.0,0.9590000000000001
2019/5/6 10:30,0.0,0.0,1.0,0.0,0.9
2019/5/6 10:31,9.0,9.0,1.0,0.0,0.978
2019/5/6 10:32,0.0,0.0,1.0,0.0,0.9620000000000001
2019/5/6 10:33,0.0,0.0,1.0,0.0,0.985
2019/5/6 10:34,0.0,0.0,1.0,0.0,0.993
2019/5/6 10:35,0.0,0.0,1.0,0.0,1.238
2019/5/6 10:36,0.0,0.0,1.0,0.0,3.5060000000000002
2019/5/6 10:41,0.0,0.0,1.0,0.0,2.575
2019/5/6 10:42,0.0,0.0,1.0,0.0,2.045
2019/5/6 10:43,0.0,0.0,1.0,0.0,1.3840000000000001
2019/5/6 10:44,1.0,1.0,1.0,0.0,1.4880000000000002
2019/5/6 10:45,0.0,0.0,1.0,0.0,1.236
2019/5/6 10:46,0.0,0.0,1.0,0.0,1.181
2019/5/6 10:47,0.0,0.0,1.0,0.0,1.119
2019/5/6 10:48,0.0,0.0,1.0,0.0,0.971
2019/5/6 10:49,0.0,0.0,1.0,0.0,0.997
2019/5/6 10:50,0.0,0.0,1.0,0.0,0.8009999999999999
2019/5/6 10:56,0.0,0.0,1.0,0.0,0.853
2019/5/6 10:57,0.0,0.0,1.0,0.0,0.899
2019/5/6 10:58,0.0,0.0,1.0,0.0,1.016
2019/5/6 10:59,0.0,0.0,1.0,0.0,1.01
2019/5/6 11:00,0.0,0.0,1.0,0.0,0.922
2019/5/6 11:02,0.0,0.0,0.0,1.0,2.833
2019/5/6 11:03,0.0,0.0,0.0,1.0,1.265
2019/5/6 11:04,0.0,0.0,0.0,1.0,1.178
2019/5/6 11:05,0.0,0.0,0.0,1.0,1.107
2019/5/6 11:06,9.0,9.0,0.0,1.0,1.0270000000000001
2019/5/6 11:10,0.0,0.0,1.0,0.0,1.208
2019/5/6 11:11,0.0,0.0,1.0,0.0,1.0
2019/5/6 11:13,0.0,0.0,0.0,1.0,5.245
2019/5/6 11:14,0.0,0.0,0.0,1.0,1.324
2019/5/6 11:15,0.0,0.0,0.0,1.0,1.157
2019/5/6 11:16,0.0,0.0,0.0,1.0,1.258
2019/5/6 11:17,0.0,0.0,0.0,1.0,0.948
2019/5/6 11:18,0.0,0.0,1.0,0.0,1.723
2019/5/6 11:21,0.0,0.0,1.0,0.0,0.8029999999999999
2019/5/6 11:22,0.0,0.0,1.0,0.0,0.813
2019/5/6 11:25,0.0,0.0,1.0,0.0,0.898
2019/5/6 13:07,0.0,0.0,1.0,0.0,1.358
2019/5/6 13:08,0.0,0.0,1.0,0.0,1.203
2019/5/6 13:09,0.0,0.0,1.0,0.0,1.153
2019/5/6 13:10,0.0,0.0,1.0,0.0,0.93
2019/5/6 13:16,0.0,0.0,1.0,0.0,0.889
2019/5/6 13:18,0.0,0.0,1.0,0.0,0.838
2019/5/6 13:29,0.0,0.0,0.0,1.0,1.3730000000000002
2019/5/6 13:30,0.0,0.0,0.0,1.0,1.215
2019/5/6 13:31,0.0,0.0,0.0,1.0,0.9059999999999999
2019/5/6 13:32,0.0,0.0,0.0,1.0,0.937
2019/5/6 13:33,0.0,0.0,0.0,1.0,0.887
2019/5/6 13:34,0.0,0.0,0.0,1.0,0.997
2019/5/6 13:35,0.0,0.0,0.0,1.0,0.992
2019/5/6 13:39,1.0,1.0,0.0,1.0,1.571
2019/5/6 13:40,0.0,0.0,0.0,1.0,1.056
2019/5/6 13:44,0.0,0.0,1.0,0.0,1.5090000000000001
2019/5/6 13:45,0.0,0.0,1.0,0.0,0.8220000000000001
2019/5/6 13:46,0.0,0.0,1.0,0.0,0.846
2019/5/6 13:53,0.0,0.0,1.0,0.0,0.82
2019/5/6 13:55,9.0,9.0,1.0,0.0,0.9470000000000001
2019/5/6 14:00,0.0,0.0,0.0,1.0,2.9330000000000003
2019/5/6 14:01,0.0,0.0,0.0,1.0,1.42
2019/5/6 14:02,0.0,0.0,1.0,0.0,2.75
2019/5/6 14:03,0.0,0.0,1.0,0.0,1.3259999999999998
2019/5/6 14:04,0.0,0.0,1.0,0.0,1.1909999999999998
2019/5/6 14:05,0.0,0.0,1.0,0.0,1.151
2019/5/6 14:06,0.0,0.0,1.0,0.0,0.8809999999999999
2019/5/6 14:07,0.0,0.0,1.0,0.0,0.866
2019/5/6 14:08,0.0,0.0,1.0,0.0,0.88
2019/5/6 14:09,0.0,0.0,1.0,0.0,0.818
2019/5/6 14:12,0.0,0.0,1.0,0.0,0.816
2019/5/6 14:16,0.0,0.0,0.0,1.0,3.344
2019/5/6 14:17,0.0,0.0,0.0,1.0,1.936
2019/5/6 14:18,0.0,0.0,0.0,1.0,1.413
2019/5/6 14:19,0.0,0.0,0.0,1.0,1.287
2019/5/6 14:20,0.0,0.0,0.0,1.0,1.224
2019/5/6 14:21,0.0,0.0,0.0,1.0,1.149
2019/5/6 14:22,0.0,0.0,0.0,1.0,1.065
2019/5/6 14:23,0.0,0.0,0.0,1.0,0.861
2019/5/6 14:27,0.0,0.0,1.0,0.0,1.3359999999999999
2019/5/6 14:28,0.0,0.0,1.0,0.0,1.37
2019/5/6 14:29,0.0,0.0,1.0,0.0,1.088
2019/5/6 14:30,0.0,0.0,1.0,0.0,0.988
2019/5/6 14:31,0.0,0.0,1.0,0.0,1.182
2019/5/6 14:32,0.0,0.0,1.0,0.0,1.3969999999999998
2019/5/6 14:33,0.0,0.0,1.0,0.0,1.347
2019/5/6 14:34,0.0,0.0,1.0,0.0,0.858
2019/5/6 14:36,0.0,0.0,0.0,1.0,1.222
2019/5/6 14:37,0.0,0.0,0.0,1.0,1.9169999999999998
2019/5/6 14:38,0.0,0.0,0.0,1.0,1.662
2019/5/6 14:39,0.0,0.0,0.0,1.0,1.242
2019/5/6 14:43,0.0,0.0,0.0,1.0,0.986
2019/5/6 14:44,0.0,0.0,1.0,0.0,2.978
2019/5/6 14:47,0.0,0.0,0.0,1.0,4.532
2019/5/6 14:48,0.0,0.0,0.0,1.0,2.69
2019/5/6 14:50,0.0,0.0,0.0,1.0,1.673
2019/5/6 14:51,1.0,1.0,0.0,1.0,1.9569999999999999
2019/5/6 14:52,1.0,1.0,0.0,1.0,2.4330000000000003
2019/5/6 14:53,1.0,1.0,0.0,1.0,3.5
2019/5/6 14:58,0.0,0.0,1.0,0.0,1.489
2019/5/6 14:59,0.0,0.0,1.0,0.0,1.686
2019/5/7 9:37,9.0,9.0,1.0,0.0,1.047
2019/5/7 9:38,0.0,0.0,1.0,0.0,0.835
2019/5/7 9:39,0.0,0.0,1.0,0.0,0.825
2019/5/7 9:44,0.0,0.0,0.0,1.0,1.319
2019/5/7 9:45,0.0,0.0,0.0,1.0,0.9359999999999999
2019/5/7 9:46,0.0,0.0,0.0,1.0,0.8859999999999999
2019/5/7 9:52,0.0,0.0,1.0,0.0,2.101
2019/5/7 9:56,0.0,0.0,0.0,1.0,1.058
2019/5/7 9:57,0.0,0.0,0.0,1.0,0.995
2019/5/7 10:17,0.0,0.0,1.0,0.0,1.847
2019/5/7 10:18,0.0,0.0,1.0,0.0,1.0859999999999999
2019/5/7 10:20,0.0,0.0,1.0,0.0,1.002
2019/5/7 10:23,0.0,0.0,0.0,1.0,0.927
2019/5/7 10:33,0.0,0.0,1.0,0.0,1.359
2019/5/7 10:34,0.0,0.0,1.0,0.0,0.831
2019/5/7 10:35,0.0,0.0,1.0,0.0,0.856
2019/5/7 10:36,0.0,0.0,1.0,0.0,0.885
2019/5/7 10:40,0.0,0.0,1.0,0.0,0.946
2019/5/7 10:41,0.0,0.0,1.0,0.0,1.018
2019/5/7 10:42,0.0,0.0,1.0,0.0,0.9490000000000001
2019/5/7 10:43,0.0,0.0,1.0,0.0,0.904
2019/5/7 10:44,0.0,0.0,1.0,0.0,0.843
2019/5/7 10:46,0.0,0.0,1.0,0.0,0.816
2019/5/7 10:48,0.0,0.0,0.0,1.0,0.96
2019/5/7 10:49,0.0,0.0,0.0,1.0,0.9640000000000001
2019/5/7 10:50,0.0,0.0,0.0,1.0,0.828
2019/5/7 10:54,0.0,0.0,1.0,0.0,1.412
2019/5/7 10:55,0.0,0.0,1.0,0.0,1.275
2019/5/7 10:59,0.0,0.0,0.0,1.0,1.345
2019/5/7 11:00,0.0,0.0,0.0,1.0,1.131
2019/5/7 11:01,0.0,0.0,0.0,1.0,1.043
2019/5/7 11:03,0.0,0.0,0.0,1.0,0.861
2019/5/7 11:12,0.0,0.0,0.0,1.0,1.077
2019/5/7 11:14,0.0,0.0,1.0,0.0,1.536
2019/5/7 11:16,0.0,0.0,1.0,0.0,1.611
2019/5/7 11:17,0.0,0.0,1.0,0.0,1.245
2019/5/7 11:18,0.0,0.0,1.0,0.0,0.98
2019/5/7 11:19,0.0,0.0,1.0,0.0,1.258
2019/5/7 11:20,0.0,0.0,1.0,0.0,1.17
2019/5/7 11:21,0.0,0.0,1.0,0.0,0.977
2019/5/7 11:22,0.0,0.0,1.0,0.0,0.855
2019/5/7 11:23,0.0,0.0,1.0,0.0,0.953
2019/5/7 11:24,0.0,0.0,1.0,0.0,1.1179999999999999
2019/5/7 11:27,0.0,0.0,1.0,0.0,0.958
2019/5/7 13:04,0.0,0.0,1.0,0.0,0.813
2019/5/7 13:05,0.0,0.0,1.0,0.0,0.828
2019/5/7 13:18,0.0,0.0,1.0,0.0,0.855
2019/5/7 13:19,0.0,0.0,1.0,0.0,1.002
2019/5/7 13:22,0.0,0.0,1.0,0.0,0.877
2019/5/7 13:23,0.0,0.0,1.0,0.0,0.816
2019/5/7 13:28,0.0,0.0,0.0,1.0,0.8170000000000001
2019/5/7 13:38,0.0,0.0,1.0,0.0,2.153
2019/5/7 13:39,0.0,0.0,1.0,0.0,0.863
2019/5/7 13:41,0.0,0.0,0.0,1.0,2.6310000000000002
2019/5/7 13:42,0.0,0.0,0.0,1.0,1.319
2019/5/7 13:43,0.0,0.0,0.0,1.0,1.2209999999999999
2019/5/7 13:44,0.0,0.0,0.0,1.0,1.127
2019/5/7 13:45,0.0,0.0,0.0,1.0,1.006
2019/5/7 13:46,0.0,0.0,0.0,1.0,0.81
2019/5/7 13:47,0.0,0.0,0.0,1.0,0.9420000000000001
2019/5/7 13:48,0.0,0.0,0.0,1.0,1.12
2019/5/7 13:49,0.0,0.0,1.0,0.0,1.3659999999999999
2019/5/7 13:50,0.0,0.0,1.0,0.0,1.0659999999999998
2019/5/7 13:51,0.0,0.0,1.0,0.0,0.993
2019/5/7 13:52,0.0,0.0,1.0,0.0,0.87
2019/5/7 13:54,0.0,0.0,1.0,0.0,1.036
2019/5/7 13:55,0.0,0.0,1.0,0.0,0.972
2019/5/7 13:56,0.0,0.0,1.0,0.0,1.055
2019/5/7 13:59,0.0,0.0,1.0,0.0,1.061
2019/5/7 14:04,0.0,0.0,0.0,1.0,1.208
2019/5/7 14:05,0.0,0.0,0.0,1.0,0.9309999999999999
2019/5/7 14:06,0.0,0.0,0.0,1.0,0.841
2019/5/7 14:10,0.0,0.0,1.0,0.0,0.9790000000000001
2019/5/7 14:11,0.0,0.0,1.0,0.0,1.119
2019/5/7 14:12,0.0,0.0,1.0,0.0,0.9259999999999999
2019/5/7 14:14,0.0,0.0,1.0,0.0,0.9129999999999999
2019/5/7 14:15,0.0,0.0,1.0,0.0,0.924
2019/5/7 14:16,0.0,0.0,1.0,0.0,0.865
2019/5/7 14:19,0.0,0.0,1.0,0.0,0.937
2019/5/7 14:22,0.0,0.0,0.0,1.0,1.435
2019/5/7 14:23,0.0,0.0,0.0,1.0,1.06
2019/5/7 14:24,0.0,0.0,0.0,1.0,1.0759999999999998
2019/5/7 14:25,0.0,0.0,0.0,1.0,1.048
2019/5/7 14:26,0.0,0.0,0.0,1.0,1.088
2019/5/7 14:27,0.0,0.0,0.0,1.0,0.922
2019/5/7 14:28,0.0,0.0,0.0,1.0,0.885
2019/5/7 14:29,0.0,0.0,0.0,1.0,0.917
2019/5/7 14:30,0.0,0.0,0.0,1.0,1.034
2019/5/7 14:31,0.0,0.0,0.0,1.0,0.965
2019/5/7 14:32,0.0,0.0,0.0,1.0,0.871
2019/5/7 14:33,0.0,0.0,0.0,1.0,1.0190000000000001
2019/5/7 14:43,0.0,0.0,1.0,0.0,3.5410000000000004
2019/5/7 14:44,0.0,0.0,1.0,0.0,1.673
2019/5/7 14:45,0.0,0.0,1.0,0.0,1.2670000000000001
2019/5/7 14:46,0.0,0.0,1.0,0.0,1.037
2019/5/7 14:47,0.0,0.0,1.0,0.0,1.534
2019/5/7 14:48,0.0,0.0,1.0,0.0,2.075
2019/5/8 9:45,0.0,0.0,0.0,1.0,1.129
2019/5/8 9:49,0.0,0.0,1.0,0.0,1.449
2019/5/8 10:03,0.0,0.0,0.0,1.0,0.998
2019/5/8 10:04,0.0,0.0,0.0,1.0,0.851
2019/5/8 10:05,0.0,0.0,0.0,1.0,0.903
2019/5/8 10:13,0.0,0.0,1.0,0.0,1.306
2019/5/8 10:16,0.0,0.0,1.0,0.0,1.166
2019/5/8 10:28,0.0,0.0,0.0,1.0,0.8440000000000001
2019/5/8 10:29,0.0,0.0,0.0,1.0,0.877
2019/5/8 10:30,0.0,0.0,0.0,1.0,0.89
2019/5/8 10:33,0.0,0.0,1.0,0.0,0.8109999999999999
2019/5/8 10:34,0.0,0.0,1.0,0.0,1.097
2019/5/8 10:35,0.0,0.0,1.0,0.0,1.14
2019/5/8 10:36,0.0,0.0,1.0,0.0,1.239
2019/5/8 10:38,0.0,0.0,0.0,1.0,0.807
2019/5/8 10:42,0.0,0.0,0.0,1.0,0.807
2019/5/8 10:43,0.0,0.0,0.0,1.0,0.883
2019/5/8 10:44,0.0,0.0,0.0,1.0,0.8370000000000001
2019/5/8 10:45,0.0,0.0,0.0,1.0,0.856
2019/5/8 10:55,0.0,0.0,1.0,0.0,0.995
2019/5/8 10:56,0.0,0.0,1.0,0.0,0.904
2019/5/8 10:57,0.0,0.0,1.0,0.0,0.895
2019/5/8 10:58,0.0,0.0,1.0,0.0,0.84
2019/5/8 11:00,0.0,0.0,1.0,0.0,0.8540000000000001
2019/5/8 11:01,0.0,0.0,1.0,0.0,1.153
2019/5/8 11:06,0.0,0.0,1.0,0.0,1.5619999999999998
2019/5/8 11:08,0.0,0.0,0.0,1.0,1.148
2019/5/8 11:14,0.0,0.0,1.0,0.0,1.02
2019/5/8 11:18,0.0,0.0,0.0,1.0,0.968
2019/5/8 11:21,0.0,0.0,0.0,1.0,1.014
2019/5/8 11:22,0.0,0.0,0.0,1.0,0.9390000000000001
2019/5/8 11:23,0.0,0.0,0.0,1.0,0.945
2019/5/8 11:24,0.0,0.0,0.0,1.0,0.998
2019/5/8 11:25,0.0,0.0,0.0,1.0,1.003
2019/5/8 11:26,0.0,0.0,0.0,1.0,1.05
2019/5/8 11:29,0.0,0.0,1.0,0.0,1.121
2019/5/8 11:30,0.0,0.0,1.0,0.0,1.088
2019/5/8 13:01,0.0,0.0,1.0,0.0,1.36
2019/5/8 13:02,0.0,0.0,1.0,0.0,1.815
2019/5/8 13:03,0.0,0.0,1.0,0.0,1.704
2019/5/8 13:04,0.0,0.0,1.0,0.0,2.331
2019/5/8 13:05,0.0,0.0,1.0,0.0,2.576
2019/5/8 13:06,0.0,0.0,1.0,0.0,1.369
2019/5/8 13:07,0.0,0.0,1.0,0.0,0.871
2019/5/8 13:15,0.0,0.0,1.0,0.0,0.853
2019/5/8 13:36,0.0,0.0,1.0,0.0,0.816
2019/5/8 13:48,0.0,0.0,0.0,1.0,0.807
2019/5/8 13:53,0.0,0.0,0.0,1.0,0.8440000000000001
2019/5/8 13:54,0.0,0.0,0.0,1.0,0.8759999999999999
2019/5/8 13:59,0.0,0.0,1.0,0.0,0.887
2019/5/8 14:00,0.0,0.0,1.0,0.0,0.997
2019/5/8 14:08,0.0,0.0,0.0,1.0,1.053
2019/5/8 14:09,0.0,0.0,0.0,1.0,0.868
2019/5/8 14:10,0.0,0.0,0.0,1.0,0.8420000000000001
2019/5/8 14:15,0.0,0.0,1.0,0.0,1.071
2019/5/8 14:16,0.0,0.0,1.0,0.0,0.968
2019/5/8 14:17,0.0,0.0,1.0,0.0,0.866
2019/5/8 14:18,0.0,0.0,1.0,0.0,0.924
2019/5/8 14:19,0.0,0.0,1.0,0.0,0.877
2019/5/8 14:22,0.0,0.0,0.0,1.0,1.371
2019/5/8 14:23,0.0,0.0,1.0,0.0,2.3930000000000002
2019/5/8 14:24,0.0,0.0,1.0,0.0,1.165
2019/5/8 14:25,0.0,0.0,1.0,0.0,1.091
2019/5/8 14:26,0.0,0.0,1.0,0.0,0.961
2019/5/8 14:27,0.0,0.0,1.0,0.0,0.851
2019/5/8 14:28,0.0,0.0,1.0,0.0,0.846
2019/5/8 14:34,0.0,0.0,1.0,0.0,1.052
2019/5/8 14:35,0.0,0.0,1.0,0.0,0.892
2019/5/8 14:45,0.0,0.0,0.0,1.0,3.103
2019/5/8 14:46,0.0,0.0,0.0,1.0,0.909
2019/5/8 14:47,0.0,0.0,0.0,1.0,0.8540000000000001
2019/5/8 14:49,0.0,0.0,0.0,1.0,0.8029999999999999
2019/5/8 14:52,0.0,0.0,1.0,0.0,0.937
2019/5/8 14:53,0.0,0.0,1.0,0.0,0.865
2019/5/8 14:55,0.0,0.0,1.0,0.0,0.914
2019/5/9 9:43,0.0,0.0,0.0,1.0,0.914
2019/5/9 9:51,0.0,0.0,1.0,0.0,0.841
2019/5/9 9:53,0.0,0.0,1.0,0.0,0.9620000000000001
2019/5/9 9:54,0.0,0.0,1.0,0.0,1.1
2019/5/9 9:55,0.0,0.0,1.0,0.0,1.5859999999999999
2019/5/9 9:56,0.0,0.0,1.0,0.0,1.686
2019/5/9 10:00,1.0,1.0,1.0,0.0,1.297
2019/5/9 10:07,0.0,0.0,1.0,0.0,1.794
2019/5/9 10:08,0.0,0.0,1.0,0.0,1.2930000000000001
2019/5/9 10:09,0.0,0.0,1.0,0.0,2.9930000000000003
2019/5/9 10:10,0.0,0.0,1.0,0.0,4.739
2019/5/9 10:14,0.0,0.0,0.0,1.0,0.8540000000000001
2019/5/9 10:15,0.0,0.0,0.0,1.0,0.937
2019/5/9 10:16,9.0,9.0,0.0,1.0,1.28
2019/5/9 10:17,0.0,0.0,0.0,1.0,0.9840000000000001
2019/5/9 10:20,0.0,0.0,1.0,0.0,0.905
2019/5/9 10:21,0.0,0.0,1.0,0.0,0.929
2019/5/9 10:22,0.0,0.0,1.0,0.0,1.031
2019/5/9 10:23,0.0,0.0,1.0,0.0,1.172
2019/5/9 10:24,0.0,0.0,1.0,0.0,1.031
2019/5/9 10:25,0.0,0.0,1.0,0.0,0.956
2019/5/9 10:28,0.0,0.0,1.0,0.0,1.005
2019/5/9 10:29,0.0,0.0,1.0,0.0,0.9670000000000001
2019/5/9 10:30,0.0,0.0,1.0,0.0,0.836
2019/5/9 10:31,0.0,0.0,1.0,0.0,1.079
2019/5/9 10:32,0.0,0.0,1.0,0.0,0.972
2019/5/9 10:33,0.0,0.0,1.0,0.0,0.8340000000000001
2019/5/9 10:34,0.0,0.0,1.0,0.0,0.9640000000000001
2019/5/9 10:40,0.0,0.0,1.0,0.0,0.86
2019/5/9 10:41,0.0,0.0,1.0,0.0,0.899
2019/5/9 10:42,0.0,0.0,1.0,0.0,0.909
2019/5/9 10:43,0.0,0.0,1.0,0.0,0.892
2019/5/9 10:44,0.0,0.0,1.0,0.0,1.023
2019/5/9 10:45,0.0,0.0,1.0,0.0,1.294
2019/5/9 10:46,0.0,0.0,1.0,0.0,1.172
2019/5/9 10:47,0.0,0.0,1.0,0.0,1.5859999999999999
2019/5/9 10:48,0.0,0.0,1.0,0.0,1.476
2019/5/9 10:49,0.0,0.0,1.0,0.0,1.456
2019/5/9 10:51,0.0,0.0,0.0,1.0,0.961
2019/5/9 10:53,0.0,0.0,0.0,1.0,0.973
2019/5/9 10:54,0.0,0.0,0.0,1.0,0.893
2019/5/9 10:55,0.0,0.0,0.0,1.0,1.07
2019/5/9 10:56,0.0,0.0,0.0,1.0,0.863
2019/5/9 10:57,0.0,0.0,0.0,1.0,1.069
2019/5/9 10:58,0.0,0.0,0.0,1.0,1.197
2019/5/9 10:59,0.0,0.0,0.0,1.0,0.9690000000000001
2019/5/9 11:00,0.0,0.0,0.0,1.0,1.568
2019/5/9 11:02,0.0,0.0,1.0,0.0,0.992
2019/5/9 11:03,0.0,0.0,1.0,0.0,0.953
2019/5/9 11:04,0.0,0.0,1.0,0.0,1.091
2019/5/9 11:05,0.0,0.0,1.0,0.0,1.08
2019/5/9 11:06,0.0,0.0,1.0,0.0,1.167
2019/5/9 11:07,0.0,0.0,1.0,0.0,1.367
2019/5/9 11:08,0.0,0.0,1.0,0.0,2.231
2019/5/9 11:09,0.0,0.0,1.0,0.0,1.7990000000000002
2019/5/9 11:11,0.0,0.0,0.0,1.0,0.914
2019/5/9 11:12,0.0,0.0,0.0,1.0,1.61
2019/5/9 11:13,0.0,0.0,0.0,1.0,1.349
2019/5/9 11:14,0.0,0.0,0.0,1.0,1.3130000000000002
2019/5/9 11:15,0.0,0.0,0.0,1.0,1.208
2019/5/9 11:16,0.0,0.0,0.0,1.0,1.044
2019/5/9 11:17,0.0,0.0,0.0,1.0,1.078
2019/5/9 11:29,0.0,0.0,1.0,0.0,0.902
2019/5/9 11:30,0.0,0.0,1.0,0.0,0.9309999999999999
2019/5/9 13:01,0.0,0.0,1.0,0.0,1.0390000000000001
2019/5/9 13:02,0.0,0.0,1.0,0.0,1.254
2019/5/9 13:03,0.0,0.0,1.0,0.0,0.986
2019/5/9 13:04,0.0,0.0,1.0,0.0,0.85
2019/5/9 13:05,0.0,0.0,1.0,0.0,1.202
2019/5/9 13:06,0.0,0.0,1.0,0.0,1.209
2019/5/9 13:11,0.0,0.0,0.0,1.0,2.614
2019/5/9 13:12,0.0,0.0,0.0,1.0,1.5090000000000001
2019/5/9 13:13,0.0,0.0,0.0,1.0,1.2690000000000001
2019/5/9 13:14,1.0,1.0,0.0,1.0,1.2570000000000001
2019/5/9 13:15,1.0,1.0,0.0,1.0,1.355
2019/5/9 13:16,0.0,0.0,0.0,1.0,1.161
2019/5/9 13:17,0.0,0.0,0.0,1.0,1.0659999999999998
2019/5/9 13:18,0.0,0.0,0.0,1.0,1.082
2019/5/9 13:19,0.0,0.0,0.0,1.0,1.1540000000000001
2019/5/9 13:20,0.0,0.0,0.0,1.0,1.145
2019/5/9 13:22,0.0,0.0,0.0,1.0,0.877
2019/5/9 13:25,0.0,0.0,1.0,0.0,4.766
2019/5/9 13:26,0.0,0.0,1.0,0.0,1.7830000000000001
2019/5/9 13:27,0.0,0.0,1.0,0.0,1.4980000000000002
2019/5/9 13:28,0.0,0.0,1.0,0.0,1.308
2019/5/9 13:29,0.0,0.0,1.0,0.0,1.081
2019/5/9 13:30,9.0,9.0,1.0,0.0,1.003
2019/5/9 13:31,0.0,0.0,1.0,0.0,1.248
2019/5/9 13:32,0.0,0.0,1.0,0.0,1.1179999999999999
2019/5/9 13:33,0.0,0.0,1.0,0.0,1.2670000000000001
2019/5/9 13:34,0.0,0.0,1.0,0.0,1.153
2019/5/9 13:35,0.0,0.0,1.0,0.0,1.433
2019/5/9 13:36,0.0,0.0,1.0,0.0,1.6230000000000002
2019/5/9 13:37,0.0,0.0,1.0,0.0,1.4
2019/5/9 13:42,0.0,0.0,0.0,1.0,1.15
2019/5/9 13:43,0.0,0.0,0.0,1.0,1.068
2019/5/9 13:44,0.0,0.0,0.0,1.0,0.866
2019/5/9 13:48,0.0,0.0,1.0,0.0,0.847
2019/5/9 13:49,0.0,0.0,1.0,0.0,1.0390000000000001
2019/5/9 13:50,0.0,0.0,0.0,1.0,2.1959999999999997
2019/5/9 13:51,0.0,0.0,0.0,1.0,1.262
2019/5/9 13:52,0.0,0.0,0.0,1.0,1.3230000000000002
2019/5/9 13:54,0.0,0.0,0.0,1.0,1.0590000000000002
2019/5/9 13:55,0.0,0.0,0.0,1.0,1.349
2019/5/9 13:56,0.0,0.0,1.0,0.0,1.7280000000000002
2019/5/9 13:57,0.0,0.0,1.0,0.0,1.439
2019/5/9 13:58,0.0,0.0,1.0,0.0,1.1640000000000001
2019/5/9 14:01,0.0,0.0,0.0,1.0,0.912
2019/5/9 14:04,0.0,0.0,1.0,0.0,2.695
2019/5/9 14:06,0.0,0.0,1.0,0.0,1.07
2019/5/9 14:07,0.0,0.0,1.0,0.0,0.92
2019/5/9 14:08,0.0,0.0,1.0,0.0,0.8140000000000001
2019/5/9 14:12,0.0,0.0,0.0,1.0,9.765
2019/5/9 14:13,0.0,0.0,0.0,1.0,1.6540000000000001
2019/5/9 14:14,0.0,0.0,0.0,1.0,1.9580000000000002
2019/5/9 14:15,0.0,0.0,1.0,0.0,1.1740000000000002
2019/5/9 14:19,0.0,0.0,1.0,0.0,0.82
2019/5/9 14:23,0.0,0.0,1.0,0.0,0.833
2019/5/9 14:24,0.0,0.0,1.0,0.0,1.018
2019/5/9 14:27,0.0,0.0,1.0,0.0,1.459
2019/5/9 14:28,0.0,0.0,1.0,0.0,1.163
2019/5/9 14:29,0.0,0.0,1.0,0.0,0.9740000000000001
2019/5/9 14:36,0.0,0.0,1.0,0.0,2.574
2019/5/9 14:37,0.0,0.0,1.0,0.0,1.0859999999999999
2019/5/9 14:38,0.0,0.0,1.0,0.0,0.93
2019/5/9 14:39,0.0,0.0,1.0,0.0,0.88
2019/5/9 14:40,0.0,0.0,1.0,0.0,0.8390000000000001
2019/5/9 14:41,0.0,0.0,1.0,0.0,0.87
2019/5/9 14:44,0.0,0.0,1.0,0.0,1.088
2019/5/9 14:45,0.0,0.0,1.0,0.0,0.9440000000000001
2019/5/9 14:50,0.0,0.0,0.0,1.0,0.877
2019/5/9 14:51,0.0,0.0,0.0,1.0,0.862
2019/5/10 9:31,0.0,0.0,0.0,1.0,1.0490000000000002
2019/5/10 9:32,0.0,0.0,0.0,1.0,1.042
2019/5/10 9:33,0.0,0.0,0.0,1.0,1.016
2019/5/10 9:34,0.0,0.0,0.0,1.0,1.0090000000000001
2019/5/10 9:35,0.0,0.0,0.0,1.0,1.05
2019/5/10 9:36,0.0,0.0,0.0,1.0,1.037
2019/5/10 9:37,1.0,1.0,1.0,0.0,1.565
2019/5/10 9:40,9.0,9.0,0.0,1.0,0.9309999999999999
2019/5/10 9:41,0.0,0.0,0.0,1.0,0.861
2019/5/10 9:42,0.0,0.0,0.0,1.0,0.976
2019/5/10 9:43,0.0,0.0,0.0,1.0,0.971
2019/5/10 9:44,0.0,0.0,0.0,1.0,0.932
2019/5/10 9:45,0.0,0.0,0.0,1.0,1.011
2019/5/10 9:46,0.0,0.0,0.0,1.0,0.894
2019/5/10 9:47,0.0,0.0,0.0,1.0,0.865
2019/5/10 9:48,0.0,0.0,0.0,1.0,0.941
2019/5/10 9:49,0.0,0.0,0.0,1.0,1.035
2019/5/10 9:50,0.0,0.0,0.0,1.0,1.166
2019/5/10 9:51,0.0,0.0,0.0,1.0,1.156
2019/5/10 9:52,1.0,1.0,0.0,1.0,1.33
2019/5/10 9:53,0.0,0.0,0.0,1.0,1.5030000000000001
2019/5/10 9:56,9.0,9.0,1.0,0.0,1.14
2019/5/10 9:57,0.0,0.0,1.0,0.0,0.894
2019/5/10 9:58,0.0,0.0,1.0,0.0,0.8740000000000001
2019/5/10 9:59,0.0,0.0,0.0,1.0,1.725
2019/5/10 10:00,0.0,0.0,0.0,1.0,0.9740000000000001
2019/5/10 10:01,0.0,0.0,0.0,1.0,0.88
2019/5/10 10:02,0.0,0.0,0.0,1.0,0.833
2019/5/10 10:09,0.0,0.0,1.0,0.0,2.024
2019/5/10 10:10,0.0,0.0,1.0,0.0,1.348
2019/5/10 10:11,0.0,0.0,1.0,0.0,1.06
2019/5/10 10:12,0.0,0.0,1.0,0.0,0.948
2019/5/10 10:13,0.0,0.0,1.0,0.0,0.9470000000000001
2019/5/10 10:15,0.0,0.0,1.0,0.0,0.816
2019/5/10 10:16,0.0,0.0,1.0,0.0,1.02
2019/5/10 10:18,0.0,0.0,1.0,0.0,0.882
2019/5/10 10:19,0.0,0.0,1.0,0.0,0.831
2019/5/10 10:20,0.0,0.0,1.0,0.0,0.9570000000000001
2019/5/10 10:21,0.0,0.0,1.0,0.0,0.9059999999999999
2019/5/10 10:28,0.0,0.0,1.0,0.0,1.088
2019/5/10 10:29,0.0,0.0,1.0,0.0,1.273
2019/5/10 10:30,0.0,0.0,1.0,0.0,0.892
2019/5/10 10:31,0.0,0.0,1.0,0.0,1.127
2019/5/10 10:32,0.0,0.0,1.0,0.0,0.9620000000000001
2019/5/10 10:33,0.0,0.0,1.0,0.0,0.938
2019/5/10 10:34,0.0,0.0,1.0,0.0,1.03
2019/5/10 10:35,0.0,0.0,1.0,0.0,1.021
2019/5/10 10:36,0.0,0.0,1.0,0.0,1.109
2019/5/10 10:37,0.0,0.0,1.0,0.0,0.9620000000000001
2019/5/10 10:38,0.0,0.0,1.0,0.0,0.8540000000000001
2019/5/10 10:39,0.0,0.0,1.0,0.0,1.189
2019/5/10 10:42,0.0,0.0,0.0,1.0,1.6440000000000001
2019/5/10 10:43,0.0,0.0,0.0,1.0,0.9990000000000001
2019/5/10 10:51,0.0,0.0,1.0,0.0,0.982
2019/5/10 10:52,0.0,0.0,1.0,0.0,0.95
2019/5/10 10:53,0.0,0.0,1.0,0.0,0.884
2019/5/10 10:54,0.0,0.0,1.0,0.0,0.825
2019/5/10 10:55,0.0,0.0,1.0,0.0,1.05
2019/5/10 10:56,0.0,0.0,1.0,0.0,0.88
2019/5/10 10:57,0.0,0.0,1.0,0.0,1.124
2019/5/10 10:58,0.0,0.0,1.0,0.0,1.101
2019/5/10 10:59,0.0,0.0,1.0,0.0,1.037
2019/5/10 11:00,0.0,0.0,1.0,0.0,1.208
2019/5/10 11:01,0.0,0.0,1.0,0.0,1.08
2019/5/10 11:02,0.0,0.0,1.0,0.0,0.887
2019/5/10 11:03,0.0,0.0,1.0,0.0,1.236
2019/5/10 11:04,0.0,0.0,1.0,0.0,1.345
2019/5/10 11:05,0.0,0.0,1.0,0.0,1.248
2019/5/10 11:06,0.0,0.0,1.0,0.0,1.237
2019/5/10 11:07,0.0,0.0,1.0,0.0,1.24
2019/5/10 11:08,0.0,0.0,1.0,0.0,1.14
2019/5/10 11:09,0.0,0.0,1.0,0.0,1.01
2019/5/10 11:11,0.0,0.0,1.0,0.0,2.082
2019/5/10 11:15,0.0,0.0,0.0,1.0,1.2409999999999999
2019/5/10 11:16,0.0,0.0,0.0,1.0,1.0759999999999998
2019/5/10 11:17,0.0,0.0,0.0,1.0,0.9490000000000001
2019/5/10 11:21,0.0,0.0,1.0,0.0,1.1420000000000001
2019/5/10 11:22,0.0,0.0,1.0,0.0,0.847
2019/5/10 11:24,0.0,0.0,0.0,1.0,3.072
2019/5/10 11:25,0.0,0.0,0.0,1.0,2.278
2019/5/10 11:26,0.0,0.0,0.0,1.0,2.301
2019/5/10 11:27,0.0,0.0,0.0,1.0,1.9880000000000002
2019/5/10 11:28,0.0,0.0,0.0,1.0,1.462
2019/5/10 11:29,0.0,0.0,0.0,1.0,1.3530000000000002
2019/5/10 11:30,0.0,0.0,0.0,1.0,1.103
2019/5/10 13:01,0.0,0.0,1.0,0.0,0.9229999999999999
2019/5/10 13:02,0.0,0.0,1.0,0.0,0.9059999999999999
2019/5/10 13:03,0.0,0.0,1.0,0.0,0.9
2019/5/10 13:04,0.0,0.0,1.0,0.0,0.875
2019/5/10 13:05,0.0,0.0,1.0,0.0,0.848
2019/5/10 13:09,0.0,0.0,0.0,1.0,1.112
2019/5/10 13:10,0.0,0.0,0.0,1.0,0.963
2019/5/10 13:11,0.0,0.0,0.0,1.0,0.866
2019/5/10 13:12,0.0,0.0,0.0,1.0,0.8390000000000001
2019/5/10 13:14,0.0,0.0,0.0,1.0,0.8140000000000001
2019/5/10 13:15,0.0,0.0,0.0,1.0,0.914
2019/5/10 13:22,0.0,0.0,0.0,1.0,0.8540000000000001
2019/5/10 13:23,0.0,0.0,0.0,1.0,0.84
2019/5/10 13:24,0.0,0.0,0.0,1.0,0.8490000000000001
2019/5/10 13:25,0.0,0.0,0.0,1.0,0.9159999999999999
2019/5/10 13:27,0.0,0.0,1.0,0.0,1.089
2019/5/10 13:28,0.0,0.0,1.0,0.0,1.01
2019/5/10 13:29,0.0,0.0,1.0,0.0,0.946
2019/5/10 13:30,0.0,0.0,1.0,0.0,0.909
2019/5/10 13:31,0.0,0.0,1.0,0.0,1.004
2019/5/10 13:32,0.0,0.0,0.0,1.0,1.062
2019/5/10 13:33,0.0,0.0,0.0,1.0,0.96
2019/5/10 13:34,0.0,0.0,0.0,1.0,0.914
2019/5/10 13:35,0.0,0.0,0.0,1.0,1.0070000000000001
2019/5/10 13:36,0.0,0.0,0.0,1.0,1.094
2019/5/10 13:37,0.0,0.0,0.0,1.0,0.937
2019/5/10 13:38,0.0,0.0,0.0,1.0,0.958
2019/5/10 13:39,0.0,0.0,0.0,1.0,0.956
2019/5/10 13:40,0.0,0.0,0.0,1.0,1.093
2019/5/10 13:41,0.0,0.0,0.0,1.0,0.981
2019/5/10 13:42,0.0,0.0,0.0,1.0,0.897
2019/5/10 13:43,0.0,0.0,0.0,1.0,0.9470000000000001
2019/5/10 13:44,0.0,0.0,0.0,1.0,0.866
2019/5/10 13:45,0.0,0.0,0.0,1.0,0.907
2019/5/10 13:48,0.0,0.0,1.0,0.0,1.399
2019/5/10 13:49,0.0,0.0,1.0,0.0,1.033
2019/5/10 13:50,0.0,0.0,1.0,0.0,0.948
2019/5/10 13:51,0.0,0.0,1.0,0.0,0.968
2019/5/10 13:52,0.0,0.0,1.0,0.0,0.955
2019/5/10 13:53,0.0,0.0,1.0,0.0,1.255
2019/5/10 13:55,0.0,0.0,0.0,1.0,1.297
2019/5/10 13:58,0.0,0.0,0.0,1.0,1.235
2019/5/10 13:59,0.0,0.0,0.0,1.0,1.209
2019/5/10 14:00,0.0,0.0,0.0,1.0,0.9690000000000001
2019/5/10 14:01,0.0,0.0,0.0,1.0,0.9209999999999999
2019/5/10 14:02,0.0,0.0,0.0,1.0,0.895
2019/5/10 14:03,0.0,0.0,0.0,1.0,0.813
2019/5/10 14:05,0.0,0.0,1.0,0.0,1.402
2019/5/10 14:06,0.0,0.0,1.0,0.0,0.9259999999999999
2019/5/10 14:09,0.0,0.0,0.0,1.0,1.6119999999999999
2019/5/10 14:10,0.0,0.0,0.0,1.0,1.178
2019/5/10 14:11,0.0,0.0,0.0,1.0,1.215
2019/5/10 14:12,0.0,0.0,0.0,1.0,1.062
2019/5/10 14:13,0.0,0.0,0.0,1.0,1.081
2019/5/10 14:14,0.0,0.0,0.0,1.0,0.9940000000000001
2019/5/10 14:15,0.0,0.0,0.0,1.0,0.9109999999999999
2019/5/10 14:16,0.0,0.0,0.0,1.0,0.938
2019/5/10 14:17,0.0,0.0,0.0,1.0,0.894
2019/5/10 14:18,0.0,0.0,0.0,1.0,0.9209999999999999
2019/5/10 14:21,0.0,0.0,0.0,1.0,0.879
2019/5/10 14:22,0.0,0.0,0.0,1.0,0.9590000000000001
2019/5/10 14:23,0.0,0.0,0.0,1.0,1.008
2019/5/10 14:24,0.0,0.0,0.0,1.0,0.9079999999999999
2019/5/10 14:25,0.0,0.0,0.0,1.0,1.071
2019/5/10 14:26,0.0,0.0,0.0,1.0,0.9790000000000001
2019/5/10 14:27,0.0,0.0,0.0,1.0,0.885
2019/5/10 14:30,0.0,0.0,1.0,0.0,1.39
2019/5/10 14:31,0.0,0.0,1.0,0.0,1.358
2019/5/10 14:32,0.0,0.0,1.0,0.0,1.036
2019/5/10 14:33,0.0,0.0,1.0,0.0,1.021
2019/5/10 14:34,0.0,0.0,1.0,0.0,0.8079999999999999
2019/5/10 14:37,0.0,0.0,0.0,1.0,1.885
2019/5/10 14:38,0.0,0.0,0.0,1.0,1.2329999999999999
2019/5/10 14:39,0.0,0.0,0.0,1.0,1.2690000000000001
2019/5/10 14:40,0.0,0.0,0.0,1.0,1.161
2019/5/10 14:41,0.0,0.0,0.0,1.0,0.924
2019/5/10 14:42,0.0,0.0,0.0,1.0,0.9890000000000001
2019/5/10 14:44,0.0,0.0,1.0,0.0,2.273
2019/5/10 14:49,0.0,0.0,0.0,1.0,1.2009999999999998
2019/5/10 14:50,0.0,0.0,0.0,1.0,0.889
2019/5/13 9:33,0.0,0.0,1.0,0.0,0.8270000000000001
2019/5/13 9:34,0.0,0.0,1.0,0.0,0.852
2019/5/13 9:35,0.0,0.0,1.0,0.0,0.8370000000000001
2019/5/13 9:36,0.0,0.0,1.0,0.0,0.858
2019/5/13 9:47,0.0,0.0,0.0,1.0,0.9520000000000001
2019/5/13 9:48,0.0,0.0,0.0,1.0,0.953
2019/5/13 9:54,0.0,0.0,1.0,0.0,2.372
2019/5/13 9:55,0.0,0.0,1.0,0.0,1.499
2019/5/13 9:56,0.0,0.0,1.0,0.0,2.863
2019/5/13 9:57,0.0,0.0,1.0,0.0,2.51
2019/5/13 10:00,0.0,0.0,0.0,1.0,0.843
2019/5/13 10:01,0.0,0.0,0.0,1.0,0.873
2019/5/13 10:02,0.0,0.0,0.0,1.0,0.893
2019/5/13 10:07,0.0,0.0,1.0,0.0,1.496
2019/5/13 10:08,0.0,0.0,1.0,0.0,1.526
2019/5/13 10:09,0.0,0.0,1.0,0.0,1.205
2019/5/13 10:10,0.0,0.0,1.0,0.0,1.4769999999999999
2019/5/13 10:12,0.0,0.0,0.0,1.0,1.046
2019/5/13 10:22,0.0,0.0,1.0,0.0,0.8170000000000001
2019/5/13 10:24,0.0,0.0,1.0,0.0,0.8370000000000001
2019/5/13 10:30,0.0,0.0,0.0,1.0,0.92
2019/5/13 10:36,0.0,0.0,1.0,0.0,1.357
2019/5/13 10:37,0.0,0.0,1.0,0.0,1.177
2019/5/13 10:39,0.0,0.0,0.0,1.0,1.2570000000000001
2019/5/13 10:40,0.0,0.0,0.0,1.0,1.037
2019/5/13 10:41,0.0,0.0,0.0,1.0,1.072
2019/5/13 10:45,0.0,0.0,1.0,0.0,1.016
2019/5/13 10:46,0.0,0.0,1.0,0.0,1.079
2019/5/13 10:47,0.0,0.0,0.0,1.0,0.917
2019/5/13 10:50,0.0,0.0,0.0,1.0,0.937
2019/5/13 10:51,0.0,0.0,0.0,1.0,0.8059999999999999
2019/5/13 10:54,0.0,0.0,0.0,1.0,1.068
2019/5/13 10:55,0.0,0.0,0.0,1.0,0.9490000000000001
2019/5/13 10:56,0.0,0.0,0.0,1.0,0.878
2019/5/13 10:57,0.0,0.0,0.0,1.0,1.228
2019/5/13 10:58,1.0,1.0,0.0,1.0,1.409
2019/5/13 11:01,0.0,0.0,1.0,0.0,0.813
2019/5/13 11:02,0.0,0.0,1.0,0.0,0.878
2019/5/13 11:03,0.0,0.0,1.0,0.0,1.1840000000000002
2019/5/13 11:04,0.0,0.0,1.0,0.0,1.141
2019/5/13 11:05,0.0,0.0,1.0,0.0,0.865
2019/5/13 11:06,0.0,0.0,1.0,0.0,0.887
2019/5/13 11:07,0.0,0.0,1.0,0.0,1.1340000000000001
2019/5/13 11:08,9.0,9.0,1.0,0.0,0.98
2019/5/13 11:10,0.0,0.0,1.0,0.0,0.83
2019/5/13 11:12,0.0,0.0,1.0,0.0,0.8959999999999999
2019/5/13 11:13,0.0,0.0,1.0,0.0,0.958
2019/5/13 11:15,0.0,0.0,1.0,0.0,0.8440000000000001
2019/5/13 13:11,0.0,0.0,1.0,0.0,1.112
2019/5/13 13:21,0.0,0.0,0.0,1.0,0.846
2019/5/13 13:26,0.0,0.0,1.0,0.0,1.173
2019/5/13 13:27,0.0,0.0,1.0,0.0,0.894
2019/5/13 13:28,0.0,0.0,1.0,0.0,0.96
2019/5/13 13:29,0.0,0.0,1.0,0.0,0.861
2019/5/13 13:31,0.0,0.0,1.0,0.0,1.003
2019/5/13 13:32,0.0,0.0,1.0,0.0,0.828
2019/5/13 13:33,0.0,0.0,1.0,0.0,0.9640000000000001
2019/5/13 13:34,0.0,0.0,1.0,0.0,0.83
2019/5/13 13:35,0.0,0.0,1.0,0.0,0.847
2019/5/13 13:36,0.0,0.0,1.0,0.0,0.93
2019/5/13 13:43,0.0,0.0,0.0,1.0,1.0659999999999998
2019/5/13 13:45,0.0,0.0,0.0,1.0,2.233
2019/5/13 13:46,0.0,0.0,0.0,1.0,1.4180000000000001
2019/5/13 13:47,0.0,0.0,0.0,1.0,1.2830000000000001
2019/5/13 13:48,0.0,0.0,0.0,1.0,1.232
2019/5/13 13:49,0.0,0.0,0.0,1.0,0.857
2019/5/13 14:03,0.0,0.0,1.0,0.0,0.98
2019/5/13 14:04,0.0,0.0,1.0,0.0,0.9520000000000001
2019/5/13 14:05,0.0,0.0,1.0,0.0,0.8240000000000001
2019/5/13 14:06,0.0,0.0,1.0,0.0,0.825
2019/5/13 14:11,0.0,0.0,1.0,0.0,1.1520000000000001
2019/5/13 14:12,0.0,0.0,1.0,0.0,0.925
2019/5/13 14:13,0.0,0.0,1.0,0.0,0.8220000000000001
2019/5/13 14:14,0.0,0.0,1.0,0.0,0.802
2019/5/13 14:15,0.0,0.0,1.0,0.0,0.867
2019/5/13 14:16,0.0,0.0,1.0,0.0,0.8340000000000001
2019/5/13 14:25,0.0,0.0,0.0,1.0,0.807
2019/5/13 14:31,0.0,0.0,1.0,0.0,1.149
2019/5/13 14:32,0.0,0.0,1.0,0.0,0.8140000000000001
2019/5/13 14:37,0.0,0.0,0.0,1.0,1.6540000000000001
2019/5/13 14:38,0.0,0.0,0.0,1.0,1.0590000000000002
2019/5/13 14:39,0.0,0.0,0.0,1.0,0.922
2019/5/13 14:47,0.0,0.0,0.0,1.0,1.133
2019/5/13 14:48,0.0,0.0,0.0,1.0,0.945
2019/5/13 14:49,0.0,0.0,0.0,1.0,0.826
2019/5/13 14:51,0.0,0.0,0.0,1.0,0.8029999999999999
2019/5/14 9:41,0.0,0.0,1.0,0.0,4.636
2019/5/14 9:43,0.0,0.0,1.0,0.0,1.155
2019/5/14 9:44,0.0,0.0,1.0,0.0,0.966
2019/5/14 9:46,0.0,0.0,1.0,0.0,0.86
2019/5/14 9:49,0.0,0.0,1.0,0.0,0.802
2019/5/14 9:51,0.0,0.0,0.0,1.0,1.028
2019/5/14 9:52,0.0,0.0,0.0,1.0,0.924
2019/5/14 9:55,0.0,0.0,0.0,1.0,0.953
2019/5/14 9:56,0.0,0.0,0.0,1.0,0.8740000000000001
2019/5/14 9:59,0.0,0.0,0.0,1.0,1.003
2019/5/14 10:00,0.0,0.0,0.0,1.0,0.846
2019/5/14 10:07,0.0,0.0,0.0,1.0,0.8340000000000001
2019/5/14 10:16,0.0,0.0,0.0,1.0,1.155
2019/5/14 10:17,0.0,0.0,0.0,1.0,0.8220000000000001
2019/5/14 10:18,0.0,0.0,0.0,1.0,0.872
2019/5/14 10:19,0.0,0.0,0.0,1.0,0.915
2019/5/14 10:20,0.0,0.0,0.0,1.0,0.971
2019/5/14 10:21,0.0,0.0,0.0,1.0,0.9079999999999999
2019/5/14 10:22,0.0,0.0,0.0,1.0,0.93
2019/5/14 10:23,0.0,0.0,0.0,1.0,0.9590000000000001
2019/5/14 10:24,0.0,0.0,0.0,1.0,0.97
2019/5/14 10:25,0.0,0.0,0.0,1.0,0.955
2019/5/14 10:28,0.0,0.0,1.0,0.0,1.7990000000000002
2019/5/14 10:29,0.0,0.0,1.0,0.0,0.9940000000000001
2019/5/14 10:30,0.0,0.0,1.0,0.0,1.035
2019/5/14 10:34,0.0,0.0,0.0,1.0,0.912
2019/5/14 10:37,0.0,0.0,1.0,0.0,1.079
2019/5/14 10:38,0.0,0.0,1.0,0.0,0.857
2019/5/14 10:39,0.0,0.0,1.0,0.0,0.821
2019/5/14 10:40,0.0,0.0,1.0,0.0,0.88
2019/5/14 10:41,0.0,0.0,1.0,0.0,0.897
2019/5/14 10:42,0.0,0.0,1.0,0.0,0.9209999999999999
2019/5/14 10:58,0.0,0.0,0.0,1.0,2.0
2019/5/14 10:59,0.0,0.0,0.0,1.0,1.68
2019/5/14 11:03,0.0,0.0,1.0,0.0,0.861
2019/5/14 11:08,0.0,0.0,1.0,0.0,0.883
2019/5/14 11:09,0.0,0.0,1.0,0.0,0.8290000000000001
2019/5/14 11:10,0.0,0.0,1.0,0.0,0.8170000000000001
2019/5/14 11:12,0.0,0.0,1.0,0.0,0.856
2019/5/14 11:14,0.0,0.0,0.0,1.0,1.04
2019/5/14 11:16,0.0,0.0,0.0,1.0,0.8809999999999999
2019/5/14 11:19,0.0,0.0,1.0,0.0,0.971
2019/5/14 11:20,0.0,0.0,1.0,0.0,0.863
2019/5/14 11:25,0.0,0.0,1.0,0.0,1.565
2019/5/14 11:30,0.0,0.0,0.0,1.0,1.0390000000000001
2019/5/14 13:01,0.0,0.0,0.0,1.0,1.002
2019/5/14 13:03,0.0,0.0,0.0,1.0,1.117
2019/5/14 13:04,0.0,0.0,0.0,1.0,0.943
2019/5/14 13:05,0.0,0.0,0.0,1.0,1.051
2019/5/14 13:06,0.0,0.0,0.0,1.0,1.068
2019/5/14 13:07,0.0,0.0,0.0,1.0,0.892
2019/5/14 13:09,0.0,0.0,0.0,1.0,1.008
2019/5/14 13:13,0.0,0.0,0.0,1.0,1.111
2019/5/14 13:14,1.0,1.0,0.0,1.0,1.393
2019/5/14 13:15,0.0,0.0,0.0,1.0,0.8959999999999999
2019/5/14 13:16,0.0,0.0,0.0,1.0,0.935
2019/5/14 13:17,0.0,0.0,0.0,1.0,0.871
2019/5/14 13:18,0.0,0.0,0.0,1.0,0.826
2019/5/14 13:26,0.0,0.0,1.0,0.0,1.046
2019/5/14 13:27,0.0,0.0,1.0,0.0,0.976
2019/5/14 13:28,0.0,0.0,1.0,0.0,0.9079999999999999
2019/5/14 13:33,0.0,0.0,1.0,0.0,1.127
2019/5/14 13:35,0.0,0.0,1.0,0.0,1.173
2019/5/14 13:49,0.0,0.0,1.0,0.0,0.8140000000000001
2019/5/14 13:52,9.0,9.0,1.0,0.0,1.489
2019/5/14 13:58,0.0,0.0,0.0,1.0,1.045
2019/5/14 14:01,0.0,0.0,0.0,1.0,0.846
2019/5/14 14:02,0.0,0.0,0.0,1.0,0.852
2019/5/14 14:06,0.0,0.0,1.0,0.0,1.273
2019/5/14 14:07,0.0,0.0,1.0,0.0,1.062
2019/5/14 14:08,0.0,0.0,1.0,0.0,1.198
2019/5/14 14:09,0.0,0.0,1.0,0.0,0.8809999999999999
2019/5/14 14:10,0.0,0.0,1.0,0.0,0.919
2019/5/14 14:15,0.0,0.0,0.0,1.0,1.79
2019/5/14 14:16,0.0,0.0,0.0,1.0,0.9570000000000001
2019/5/14 14:21,0.0,0.0,1.0,0.0,1.6130000000000002
2019/5/14 14:22,0.0,0.0,1.0,0.0,0.9079999999999999
2019/5/14 14:23,0.0,0.0,1.0,0.0,1.002
2019/5/14 14:33,0.0,0.0,1.0,0.0,0.882
2019/5/14 14:34,0.0,0.0,1.0,0.0,0.835
2019/5/14 14:36,0.0,0.0,1.0,0.0,0.8170000000000001
2019/5/14 14:37,0.0,0.0,1.0,0.0,0.9790000000000001
2019/5/14 14:45,0.0,0.0,1.0,0.0,1.453
2019/5/14 14:46,0.0,0.0,1.0,0.0,0.941
2019/5/14 14:47,0.0,0.0,1.0,0.0,0.883
2019/5/14 14:49,0.0,0.0,1.0,0.0,0.852
2019/5/14 14:50,0.0,0.0,1.0,0.0,0.81
2019/5/15 9:39,0.0,0.0,0.0,1.0,1.7480000000000002
2019/5/15 9:48,0.0,0.0,0.0,1.0,0.996
2019/5/15 9:49,0.0,0.0,0.0,1.0,0.912
2019/5/15 9:50,0.0,0.0,0.0,1.0,0.9009999999999999
2019/5/15 9:51,0.0,0.0,0.0,1.0,0.919
2019/5/15 9:52,0.0,0.0,0.0,1.0,0.898
2019/5/15 9:53,0.0,0.0,0.0,1.0,1.041
2019/5/15 9:54,0.0,0.0,0.0,1.0,0.9420000000000001
2019/5/15 9:55,0.0,0.0,0.0,1.0,1.082
2019/5/15 9:56,0.0,0.0,0.0,1.0,1.054
2019/5/15 9:57,0.0,0.0,1.0,0.0,0.9940000000000001
2019/5/15 9:59,0.0,0.0,1.0,0.0,1.046
2019/5/15 10:00,0.0,0.0,1.0,0.0,0.86
2019/5/15 10:01,0.0,0.0,1.0,0.0,1.2209999999999999
2019/5/15 10:02,0.0,0.0,1.0,0.0,1.166
2019/5/15 10:03,0.0,0.0,1.0,0.0,0.9740000000000001
2019/5/15 10:04,0.0,0.0,1.0,0.0,1.189
2019/5/15 10:07,0.0,0.0,1.0,0.0,0.85
2019/5/15 10:22,0.0,0.0,1.0,0.0,1.2690000000000001
2019/5/15 10:23,0.0,0.0,1.0,0.0,1.0070000000000001
2019/5/15 10:24,0.0,0.0,1.0,0.0,0.922
2019/5/15 10:25,0.0,0.0,1.0,0.0,0.968
2019/5/15 10:27,0.0,0.0,1.0,0.0,1.61
2019/5/15 10:28,0.0,0.0,1.0,0.0,0.8909999999999999
2019/5/15 10:34,0.0,0.0,0.0,1.0,1.963
2019/5/15 10:36,0.0,0.0,0.0,1.0,0.948
2019/5/15 10:37,0.0,0.0,0.0,1.0,0.833
2019/5/15 10:54,0.0,0.0,0.0,1.0,1.057
2019/5/15 10:55,0.0,0.0,0.0,1.0,1.078
2019/5/15 10:56,0.0,0.0,0.0,1.0,0.938
2019/5/15 10:57,0.0,0.0,0.0,1.0,1.145
2019/5/15 10:58,0.0,0.0,0.0,1.0,0.9359999999999999
2019/5/15 10:59,0.0,0.0,0.0,1.0,1.022
2019/5/15 11:00,0.0,0.0,0.0,1.0,1.2670000000000001
2019/5/15 11:11,0.0,0.0,1.0,0.0,1.557
2019/5/15 11:12,0.0,0.0,1.0,0.0,0.897
2019/5/15 11:14,0.0,0.0,1.0,0.0,1.187
2019/5/15 11:16,0.0,0.0,1.0,0.0,0.948
2019/5/15 11:22,0.0,0.0,0.0,1.0,0.951
2019/5/15 11:24,0.0,0.0,0.0,1.0,1.145
2019/5/15 11:25,0.0,0.0,0.0,1.0,1.095
2019/5/15 11:26,0.0,0.0,0.0,1.0,0.9570000000000001
2019/5/15 11:27,0.0,0.0,0.0,1.0,0.917
2019/5/15 11:28,0.0,0.0,0.0,1.0,0.937
2019/5/15 11:29,0.0,0.0,0.0,1.0,0.8109999999999999
2019/5/15 13:07,0.0,0.0,0.0,1.0,1.5290000000000001
2019/5/15 13:08,0.0,0.0,0.0,1.0,1.015
2019/5/15 13:09,0.0,0.0,0.0,1.0,1.205
2019/5/15 13:21,0.0,0.0,0.0,1.0,1.273
2019/5/15 13:22,0.0,0.0,0.0,1.0,0.833
2019/5/15 13:23,0.0,0.0,0.0,1.0,1.1520000000000001
2019/5/15 13:24,0.0,0.0,0.0,1.0,1.026
2019/5/15 13:25,0.0,0.0,0.0,1.0,1.03
2019/5/15 13:26,1.0,1.0,0.0,1.0,1.236
2019/5/15 13:27,0.0,0.0,0.0,1.0,0.894
2019/5/15 13:32,0.0,0.0,1.0,0.0,0.889
2019/5/15 13:33,0.0,0.0,1.0,0.0,0.8420000000000001
2019/5/15 13:34,0.0,0.0,1.0,0.0,0.902
2019/5/15 13:35,9.0,9.0,1.0,0.0,1.0390000000000001
2019/5/15 13:40,0.0,0.0,0.0,1.0,0.883
2019/5/15 13:41,0.0,0.0,0.0,1.0,0.945
2019/5/15 13:42,0.0,0.0,0.0,1.0,0.9940000000000001
2019/5/15 13:43,0.0,0.0,0.0,1.0,1.068
2019/5/15 13:44,0.0,0.0,0.0,1.0,0.983
2019/5/15 13:45,0.0,0.0,0.0,1.0,1.112
2019/5/15 13:46,0.0,0.0,0.0,1.0,1.111
2019/5/15 13:47,0.0,0.0,0.0,1.0,1.111
2019/5/15 13:48,0.0,0.0,0.0,1.0,1.077
2019/5/15 13:49,0.0,0.0,0.0,1.0,1.08
2019/5/15 13:50,1.0,1.0,0.0,1.0,1.4869999999999999
2019/5/15 13:51,0.0,0.0,0.0,1.0,1.099
2019/5/15 13:52,0.0,0.0,0.0,1.0,1.246
2019/5/15 13:55,0.0,0.0,1.0,0.0,0.9440000000000001
2019/5/15 13:56,9.0,9.0,1.0,0.0,1.0
2019/5/15 13:59,0.0,0.0,0.0,1.0,1.203
2019/5/15 14:00,0.0,0.0,0.0,1.0,1.133
2019/5/15 14:01,0.0,0.0,0.0,1.0,1.05
2019/5/15 14:02,0.0,0.0,0.0,1.0,1.3119999999999998
2019/5/15 14:03,0.0,0.0,0.0,1.0,1.974
2019/5/15 14:05,1.0,1.0,0.0,1.0,1.7269999999999999
2019/5/15 14:06,0.0,0.0,0.0,1.0,1.113
2019/5/15 14:07,0.0,0.0,0.0,1.0,1.141
2019/5/15 14:08,0.0,0.0,0.0,1.0,1.032
2019/5/15 14:09,0.0,0.0,0.0,1.0,0.841
2019/5/15 14:10,0.0,0.0,0.0,1.0,0.972
2019/5/15 14:19,0.0,0.0,0.0,1.0,1.135
2019/5/15 14:20,0.0,0.0,0.0,1.0,0.9079999999999999
2019/5/15 14:21,0.0,0.0,0.0,1.0,1.073
2019/5/15 14:24,0.0,0.0,0.0,1.0,0.875
2019/5/15 14:32,0.0,0.0,1.0,0.0,1.274
2019/5/15 14:33,0.0,0.0,1.0,0.0,1.105
2019/5/15 14:34,0.0,0.0,1.0,0.0,1.109
2019/5/15 14:35,0.0,0.0,1.0,0.0,0.995
2019/5/15 14:36,0.0,0.0,1.0,0.0,1.081
2019/5/15 14:37,9.0,9.0,1.0,0.0,0.973
2019/5/15 14:38,0.0,0.0,1.0,0.0,0.937
2019/5/15 14:45,0.0,0.0,1.0,0.0,1.825
2019/5/15 14:46,0.0,0.0,1.0,0.0,1.143
2019/5/15 14:47,0.0,0.0,1.0,0.0,1.245
2019/5/15 14:48,0.0,0.0,1.0,0.0,1.399
2019/5/15 14:49,0.0,0.0,1.0,0.0,1.365
2019/5/15 14:53,0.0,0.0,0.0,1.0,0.9179999999999999
2019/5/15 14:54,0.0,0.0,0.0,1.0,1.1640000000000001
2019/5/15 14:55,0.0,0.0,0.0,1.0,1.036
2019/5/15 14:56,0.0,0.0,0.0,1.0,0.963
2019/5/15 14:57,0.0,0.0,0.0,1.0,0.981
2019/5/16 9:38,0.0,0.0,1.0,0.0,0.8290000000000001
2019/5/16 9:39,0.0,0.0,1.0,0.0,0.953
2019/5/16 9:40,0.0,0.0,1.0,0.0,1.334
2019/5/16 9:41,0.0,0.0,1.0,0.0,1.778
2019/5/16 9:44,0.0,0.0,0.0,1.0,0.8590000000000001
2019/5/16 9:51,0.0,0.0,0.0,1.0,0.884
2019/5/16 9:52,0.0,0.0,0.0,1.0,1.07
2019/5/16 9:53,0.0,0.0,0.0,1.0,1.225
2019/5/16 9:56,0.0,0.0,1.0,0.0,0.956
2019/5/16 9:57,0.0,0.0,1.0,0.0,1.087
2019/5/16 9:58,0.0,0.0,1.0,0.0,1.0
2019/5/16 9:59,0.0,0.0,1.0,0.0,1.117
2019/5/16 10:13,0.0,0.0,0.0,1.0,0.8540000000000001
2019/5/16 10:14,0.0,0.0,0.0,1.0,0.9640000000000001
2019/5/16 10:15,0.0,0.0,0.0,1.0,1.123
2019/5/16 10:16,0.0,0.0,0.0,1.0,1.016
2019/5/16 10:17,0.0,0.0,0.0,1.0,1.2009999999999998
2019/5/16 10:18,0.0,0.0,0.0,1.0,1.204
2019/5/16 10:19,0.0,0.0,0.0,1.0,1.046
2019/5/16 10:20,1.0,1.0,0.0,1.0,1.4380000000000002
2019/5/16 10:23,9.0,9.0,1.0,0.0,1.117
2019/5/16 10:24,0.0,0.0,1.0,0.0,0.887
2019/5/16 10:26,0.0,0.0,0.0,1.0,1.4240000000000002
2019/5/16 10:27,0.0,0.0,0.0,1.0,1.183
2019/5/16 10:28,0.0,0.0,0.0,1.0,1.056
2019/5/16 10:29,0.0,0.0,0.0,1.0,1.067
2019/5/16 10:30,0.0,0.0,0.0,1.0,0.956
2019/5/16 10:32,0.0,0.0,1.0,0.0,1.3430000000000002
2019/5/16 10:33,0.0,0.0,1.0,0.0,1.011
2019/5/16 10:34,0.0,0.0,1.0,0.0,0.843
2019/5/16 10:36,0.0,0.0,0.0,1.0,1.3619999999999999
2019/5/16 10:40,0.0,0.0,0.0,1.0,1.4869999999999999
2019/5/16 10:41,0.0,0.0,0.0,1.0,1.202
2019/5/16 10:43,0.0,0.0,0.0,1.0,0.997
2019/5/16 10:44,0.0,0.0,0.0,1.0,1.023
2019/5/16 10:45,0.0,0.0,0.0,1.0,1.003
2019/5/16 10:50,0.0,0.0,1.0,0.0,0.9940000000000001
2019/5/16 10:51,0.0,0.0,1.0,0.0,1.107
2019/5/16 10:52,0.0,0.0,1.0,0.0,1.015
2019/5/16 10:53,0.0,0.0,1.0,0.0,0.963
2019/5/16 10:54,0.0,0.0,1.0,0.0,0.848
2019/5/16 10:56,0.0,0.0,1.0,0.0,0.889
2019/5/16 10:57,0.0,0.0,1.0,0.0,0.8590000000000001
2019/5/16 11:01,0.0,0.0,1.0,0.0,0.95
2019/5/16 11:02,0.0,0.0,1.0,0.0,0.9179999999999999
2019/5/16 11:09,0.0,0.0,1.0,0.0,1.0
2019/5/16 11:10,0.0,0.0,1.0,0.0,1.041
2019/5/16 11:14,0.0,0.0,0.0,1.0,0.963
2019/5/16 11:16,0.0,0.0,0.0,1.0,0.8109999999999999
2019/5/16 11:23,0.0,0.0,0.0,1.0,0.8059999999999999
2019/5/16 11:24,0.0,0.0,0.0,1.0,0.8290000000000001
2019/5/16 13:07,0.0,0.0,1.0,0.0,0.8759999999999999
2019/5/16 13:08,0.0,0.0,1.0,0.0,0.978
2019/5/16 13:11,0.0,0.0,0.0,1.0,0.971
2019/5/16 13:12,0.0,0.0,0.0,1.0,1.055
2019/5/16 13:13,0.0,0.0,0.0,1.0,1.328
2019/5/16 13:14,0.0,0.0,0.0,1.0,1.194
2019/5/16 13:15,0.0,0.0,0.0,1.0,1.139
2019/5/16 13:16,0.0,0.0,0.0,1.0,1.053
2019/5/16 13:21,0.0,0.0,1.0,0.0,1.77
2019/5/16 13:44,0.0,0.0,1.0,0.0,1.208
2019/5/16 13:45,0.0,0.0,1.0,0.0,0.977
2019/5/16 13:56,0.0,0.0,0.0,1.0,0.89
2019/5/16 13:57,0.0,0.0,0.0,1.0,0.985
2019/5/16 13:58,0.0,0.0,0.0,1.0,0.9359999999999999
2019/5/16 13:59,0.0,0.0,0.0,1.0,0.907
2019/5/16 14:00,0.0,0.0,0.0,1.0,0.932
2019/5/16 14:03,0.0,0.0,1.0,0.0,0.8690000000000001
2019/5/16 14:05,0.0,0.0,1.0,0.0,0.861
2019/5/16 14:07,0.0,0.0,1.0,0.0,0.851
2019/5/16 14:08,0.0,0.0,1.0,0.0,0.8370000000000001
2019/5/16 14:09,0.0,0.0,1.0,0.0,0.825
2019/5/16 14:12,0.0,0.0,1.0,0.0,0.828
2019/5/16 14:23,0.0,0.0,0.0,1.0,0.882
2019/5/16 14:32,0.0,0.0,0.0,1.0,1.0
2019/5/16 14:33,0.0,0.0,0.0,1.0,0.847
2019/5/16 14:34,0.0,0.0,0.0,1.0,1.02
2019/5/16 14:35,0.0,0.0,0.0,1.0,0.937
2019/5/16 14:36,0.0,0.0,0.0,1.0,0.924
2019/5/16 14:38,0.0,0.0,0.0,1.0,0.856
2019/5/16 14:41,0.0,0.0,1.0,0.0,0.845
2019/5/16 14:45,0.0,0.0,0.0,1.0,7.199
2019/5/16 14:47,0.0,0.0,0.0,1.0,1.744
2019/5/16 14:48,0.0,0.0,0.0,1.0,1.575
2019/5/16 14:49,0.0,0.0,0.0,1.0,1.083
2019/5/16 14:50,0.0,0.0,0.0,1.0,1.0
2019/5/16 14:51,0.0,0.0,0.0,1.0,0.9159999999999999
2019/5/17 9:37,0.0,0.0,1.0,0.0,0.934
2019/5/17 9:38,0.0,0.0,1.0,0.0,2.588
2019/5/17 9:39,0.0,0.0,1.0,0.0,0.9890000000000001
2019/5/17 9:45,0.0,0.0,1.0,0.0,0.845
2019/5/17 9:46,0.0,0.0,1.0,0.0,0.866
2019/5/17 9:54,0.0,0.0,1.0,0.0,0.872
2019/5/17 9:57,0.0,0.0,1.0,0.0,0.8
2019/5/17 9:58,0.0,0.0,1.0,0.0,1.126
2019/5/17 10:05,0.0,0.0,1.0,0.0,1.3430000000000002
2019/5/17 10:06,0.0,0.0,1.0,0.0,0.895
2019/5/17 10:08,0.0,0.0,1.0,0.0,0.804
2019/5/17 10:10,0.0,0.0,1.0,0.0,0.871
2019/5/17 10:14,0.0,0.0,1.0,0.0,0.898
2019/5/17 10:17,0.0,0.0,0.0,1.0,1.01
2019/5/17 10:20,0.0,0.0,0.0,1.0,0.8290000000000001
2019/5/17 10:25,0.0,0.0,1.0,0.0,0.8590000000000001
2019/5/17 10:27,0.0,0.0,1.0,0.0,0.858
2019/5/17 10:28,0.0,0.0,1.0,0.0,0.845
2019/5/17 10:29,0.0,0.0,1.0,0.0,0.9079999999999999
2019/5/17 10:33,0.0,0.0,1.0,0.0,1.126
2019/5/17 10:35,0.0,0.0,1.0,0.0,0.988
2019/5/17 10:36,0.0,0.0,1.0,0.0,1.014
2019/5/17 10:37,0.0,0.0,1.0,0.0,0.884
2019/5/17 10:38,0.0,0.0,1.0,0.0,0.8390000000000001
2019/5/17 10:40,0.0,0.0,1.0,0.0,0.847
2019/5/17 10:41,0.0,0.0,1.0,0.0,0.8290000000000001
2019/5/17 10:43,0.0,0.0,0.0,1.0,0.9420000000000001
2019/5/17 10:47,0.0,0.0,0.0,1.0,0.845
2019/5/17 10:53,0.0,0.0,1.0,0.0,0.9470000000000001
2019/5/17 11:00,0.0,0.0,1.0,0.0,0.9309999999999999
2019/5/17 11:01,0.0,0.0,1.0,0.0,0.985
2019/5/17 11:05,0.0,0.0,1.0,0.0,0.8190000000000001
2019/5/17 11:20,0.0,0.0,1.0,0.0,1.501
2019/5/17 11:21,0.0,0.0,1.0,0.0,0.892
2019/5/17 11:22,0.0,0.0,1.0,0.0,0.855
2019/5/17 11:28,0.0,0.0,0.0,1.0,2.342
2019/5/17 11:29,0.0,0.0,0.0,1.0,1.367
2019/5/17 13:02,0.0,0.0,0.0,1.0,1.149
2019/5/17 13:03,1.0,1.0,0.0,1.0,1.5290000000000001
2019/5/17 13:04,0.0,0.0,0.0,1.0,1.222
2019/5/17 13:08,0.0,0.0,1.0,0.0,0.8140000000000001
2019/5/17 13:09,9.0,9.0,1.0,0.0,0.894
2019/5/17 13:13,0.0,0.0,0.0,1.0,1.013
2019/5/17 13:14,0.0,0.0,0.0,1.0,1.068
2019/5/17 13:15,0.0,0.0,0.0,1.0,0.8540000000000001
2019/5/17 13:20,0.0,0.0,1.0,0.0,1.5519999999999998
2019/5/17 13:21,0.0,0.0,1.0,0.0,1.063
2019/5/17 13:22,0.0,0.0,1.0,0.0,0.912
2019/5/17 13:24,0.0,0.0,1.0,0.0,0.83
2019/5/17 13:28,0.0,0.0,1.0,0.0,0.851
2019/5/17 13:29,0.0,0.0,1.0,0.0,0.887
2019/5/17 13:30,0.0,0.0,1.0,0.0,0.8190000000000001
2019/5/17 13:40,0.0,0.0,0.0,1.0,0.884
2019/5/17 13:41,0.0,0.0,1.0,0.0,1.215
2019/5/17 13:45,0.0,0.0,1.0,0.0,0.9329999999999999
2019/5/17 14:02,0.0,0.0,0.0,1.0,0.836
2019/5/17 14:03,0.0,0.0,0.0,1.0,0.982
2019/5/17 14:11,0.0,0.0,0.0,1.0,1.016
2019/5/17 14:18,0.0,0.0,1.0,0.0,0.9790000000000001
2019/5/17 14:34,0.0,0.0,1.0,0.0,0.871
2019/5/17 14:39,0.0,0.0,0.0,1.0,1.7309999999999999
2019/5/17 14:49,0.0,0.0,1.0,0.0,0.87
2019/5/17 14:50,0.0,0.0,1.0,0.0,0.9470000000000001
2019/5/17 14:51,0.0,0.0,1.0,0.0,0.8109999999999999
2019/5/20 9:35,0.0,0.0,1.0,0.0,2.447
2019/5/20 9:36,0.0,0.0,1.0,0.0,1.31
2019/5/20 9:41,0.0,0.0,0.0,1.0,4.026
2019/5/20 9:42,0.0,0.0,0.0,1.0,1.341
2019/5/20 9:43,0.0,0.0,0.0,1.0,1.83
2019/5/20 9:55,0.0,0.0,0.0,1.0,0.805
2019/5/20 9:57,0.0,0.0,1.0,0.0,2.667
2019/5/20 9:58,0.0,0.0,1.0,0.0,2.31
2019/5/20 10:00,0.0,0.0,1.0,0.0,5.84
2019/5/20 10:01,0.0,0.0,1.0,0.0,3.74
2019/5/20 10:05,0.0,0.0,1.0,0.0,3.0380000000000003
2019/5/20 10:06,0.0,0.0,1.0,0.0,1.1079999999999999
2019/5/20 10:07,0.0,0.0,1.0,0.0,1.371
2019/5/20 10:09,0.0,0.0,0.0,1.0,0.8590000000000001
2019/5/20 10:12,0.0,0.0,0.0,1.0,0.8140000000000001
2019/5/20 10:15,0.0,0.0,1.0,0.0,1.141
2019/5/20 10:16,0.0,0.0,1.0,0.0,0.853
2019/5/20 10:18,0.0,0.0,1.0,0.0,1.147
2019/5/20 10:19,0.0,0.0,1.0,0.0,1.013
2019/5/20 10:20,0.0,0.0,1.0,0.0,0.9440000000000001
2019/5/20 10:21,0.0,0.0,1.0,0.0,0.8170000000000001
2019/5/20 10:24,0.0,0.0,1.0,0.0,0.943
2019/5/20 10:38,0.0,0.0,1.0,0.0,1.005
2019/5/20 10:39,0.0,0.0,1.0,0.0,1.195
2019/5/20 10:40,0.0,0.0,1.0,0.0,1.035
2019/5/20 10:41,0.0,0.0,1.0,0.0,1.0979999999999999
2019/5/20 10:42,0.0,0.0,1.0,0.0,1.218
2019/5/20 10:44,0.0,0.0,0.0,1.0,0.8320000000000001
2019/5/20 10:46,0.0,0.0,0.0,1.0,0.981
2019/5/20 10:47,0.0,0.0,0.0,1.0,0.838
2019/5/20 10:48,0.0,0.0,0.0,1.0,0.879
2019/5/20 10:49,0.0,0.0,0.0,1.0,0.856
2019/5/20 10:50,0.0,0.0,0.0,1.0,0.856
2019/5/20 10:51,0.0,0.0,0.0,1.0,0.8440000000000001
2019/5/20 10:56,0.0,0.0,1.0,0.0,1.4969999999999999
2019/5/20 10:57,0.0,0.0,1.0,0.0,1.01
2019/5/20 10:58,0.0,0.0,1.0,0.0,1.119
2019/5/20 10:59,0.0,0.0,1.0,0.0,0.807
2019/5/20 11:04,0.0,0.0,1.0,0.0,1.147
2019/5/20 11:05,0.0,0.0,1.0,0.0,0.903
2019/5/20 11:06,0.0,0.0,1.0,0.0,0.878
2019/5/20 11:09,0.0,0.0,1.0,0.0,1.197
2019/5/20 11:10,0.0,0.0,1.0,0.0,1.3619999999999999
2019/5/20 11:21,0.0,0.0,0.0,1.0,0.8
2019/5/20 11:24,0.0,0.0,1.0,0.0,1.084
2019/5/20 11:26,0.0,0.0,1.0,0.0,0.894
2019/5/20 11:27,0.0,0.0,1.0,0.0,0.83
2019/5/20 13:04,0.0,0.0,1.0,0.0,2.8539999999999996
2019/5/20 13:05,1.0,1.0,1.0,0.0,1.534
2019/5/20 13:08,0.0,0.0,0.0,1.0,2.385
2019/5/20 13:09,9.0,9.0,0.0,1.0,1.167
2019/5/20 13:10,0.0,0.0,0.0,1.0,1.24
2019/5/20 13:11,0.0,0.0,0.0,1.0,1.351
2019/5/20 13:12,0.0,0.0,0.0,1.0,0.9179999999999999
2019/5/20 13:14,0.0,0.0,1.0,0.0,1.89
2019/5/20 13:15,0.0,0.0,1.0,0.0,1.04
2019/5/20 13:16,0.0,0.0,1.0,0.0,0.87
2019/5/20 13:17,0.0,0.0,1.0,0.0,0.8109999999999999
2019/5/20 13:23,0.0,0.0,1.0,0.0,0.879
2019/5/20 13:25,0.0,0.0,1.0,0.0,0.836
2019/5/20 13:38,0.0,0.0,0.0,1.0,1.006
2019/5/20 13:44,0.0,0.0,1.0,0.0,1.922
2019/5/20 13:47,0.0,0.0,1.0,0.0,0.915
2019/5/20 13:48,0.0,0.0,1.0,0.0,0.8340000000000001
2019/5/20 13:51,0.0,0.0,1.0,0.0,0.922
2019/5/20 13:55,0.0,0.0,1.0,0.0,0.8859999999999999
2019/5/20 13:56,0.0,0.0,1.0,0.0,0.87
2019/5/20 13:58,0.0,0.0,1.0,0.0,0.8190000000000001
2019/5/20 13:59,0.0,0.0,1.0,0.0,0.802
2019/5/20 14:01,0.0,0.0,0.0,1.0,1.0090000000000001
2019/5/20 14:02,0.0,0.0,0.0,1.0,0.856
2019/5/20 14:04,0.0,0.0,0.0,1.0,0.953
2019/5/20 14:05,0.0,0.0,0.0,1.0,0.838
2019/5/20 14:07,0.0,0.0,0.0,1.0,0.866
2019/5/20 14:08,0.0,0.0,0.0,1.0,0.812
2019/5/20 14:11,0.0,0.0,0.0,1.0,0.9259999999999999
2019/5/20 14:14,0.0,0.0,1.0,0.0,0.8690000000000001
2019/5/20 14:23,0.0,0.0,0.0,1.0,0.868
2019/5/20 14:24,0.0,0.0,0.0,1.0,1.172
2019/5/20 14:25,0.0,0.0,0.0,1.0,1.1320000000000001
2019/5/20 14:26,0.0,0.0,0.0,1.0,0.987
2019/5/20 14:27,0.0,0.0,0.0,1.0,1.053
2019/5/20 14:33,0.0,0.0,0.0,1.0,0.8140000000000001
2019/5/20 14:35,0.0,0.0,0.0,1.0,0.809
2019/5/20 14:37,0.0,0.0,0.0,1.0,0.89
2019/5/20 14:42,0.0,0.0,0.0,1.0,0.8909999999999999
2019/5/20 14:50,0.0,0.0,0.0,1.0,2.046
2019/5/20 14:51,0.0,0.0,0.0,1.0,1.379
2019/5/20 14:53,0.0,0.0,0.0,1.0,1.011
2019/5/20 14:54,0.0,0.0,0.0,1.0,0.946
2019/5/20 14:55,0.0,0.0,0.0,1.0,0.965
2019/5/20 14:57,0.0,0.0,0.0,1.0,0.8640000000000001
2019/5/21 9:37,0.0,0.0,0.0,1.0,0.895
2019/5/21 9:44,0.0,0.0,0.0,1.0,0.9640000000000001
2019/5/21 9:45,0.0,0.0,0.0,1.0,0.9009999999999999
2019/5/21 9:47,0.0,0.0,0.0,1.0,0.892
2019/5/21 9:48,0.0,0.0,0.0,1.0,0.865
2019/5/21 9:50,0.0,0.0,0.0,1.0,0.875
2019/5/21 10:01,0.0,0.0,0.0,1.0,1.436
2019/5/21 10:02,0.0,0.0,0.0,1.0,1.031
2019/5/21 10:06,0.0,0.0,1.0,0.0,0.9209999999999999
2019/5/21 10:09,0.0,0.0,1.0,0.0,0.8009999999999999
2019/5/21 10:13,0.0,0.0,1.0,0.0,0.93
2019/5/21 10:14,0.0,0.0,1.0,0.0,0.998
2019/5/21 10:15,0.0,0.0,1.0,0.0,1.082
2019/5/21 10:24,0.0,0.0,1.0,0.0,1.75
2019/5/21 10:25,0.0,0.0,1.0,0.0,1.3319999999999999
2019/5/21 10:26,0.0,0.0,1.0,0.0,0.9279999999999999
2019/5/21 10:27,0.0,0.0,1.0,0.0,1.065
2019/5/21 10:29,0.0,0.0,0.0,1.0,0.897
2019/5/21 10:30,0.0,0.0,0.0,1.0,0.925
2019/5/21 10:31,0.0,0.0,0.0,1.0,0.8909999999999999
2019/5/21 10:32,0.0,0.0,0.0,1.0,0.9209999999999999
2019/5/21 10:33,0.0,0.0,0.0,1.0,0.871
2019/5/21 10:34,0.0,0.0,0.0,1.0,0.927
2019/5/21 10:35,0.0,0.0,0.0,1.0,0.885
2019/5/21 10:36,0.0,0.0,0.0,1.0,1.2009999999999998
2019/5/21 10:38,0.0,0.0,1.0,0.0,0.809
2019/5/21 10:41,0.0,0.0,0.0,1.0,0.9570000000000001
2019/5/21 10:43,0.0,0.0,0.0,1.0,0.8059999999999999
2019/5/21 10:46,0.0,0.0,0.0,1.0,0.8220000000000001
2019/5/21 10:48,0.0,0.0,0.0,1.0,0.89
2019/5/21 10:49,0.0,0.0,0.0,1.0,0.887
2019/5/21 10:52,0.0,0.0,1.0,0.0,2.595
2019/5/21 10:54,0.0,0.0,1.0,0.0,1.138
2019/5/21 10:55,0.0,0.0,1.0,0.0,1.545
2019/5/21 10:57,0.0,0.0,0.0,1.0,0.868
2019/5/21 10:59,0.0,0.0,0.0,1.0,0.943
2019/5/21 11:00,0.0,0.0,0.0,1.0,1.002
2019/5/21 11:01,0.0,0.0,0.0,1.0,0.8740000000000001
2019/5/21 11:02,0.0,0.0,0.0,1.0,0.895
2019/5/21 11:03,0.0,0.0,0.0,1.0,0.9390000000000001
2019/5/21 11:04,0.0,0.0,0.0,1.0,1.1079999999999999
2019/5/21 11:05,0.0,0.0,0.0,1.0,0.9520000000000001
2019/5/21 11:06,0.0,0.0,0.0,1.0,0.866
2019/5/21 11:07,0.0,0.0,0.0,1.0,1.156
2019/5/21 11:08,0.0,0.0,0.0,1.0,1.337
2019/5/21 11:09,1.0,1.0,0.0,1.0,1.278
2019/5/21 11:15,0.0,0.0,1.0,0.0,0.978
2019/5/21 11:16,0.0,0.0,1.0,0.0,0.882
2019/5/21 11:19,0.0,0.0,1.0,0.0,1.345
2019/5/21 11:20,9.0,9.0,1.0,0.0,0.973
2019/5/21 11:21,0.0,0.0,1.0,0.0,0.8190000000000001
2019/5/21 11:22,0.0,0.0,1.0,0.0,1.023
2019/5/21 11:23,0.0,0.0,1.0,0.0,1.103
2019/5/21 11:24,0.0,0.0,1.0,0.0,0.885
2019/5/21 13:07,0.0,0.0,1.0,0.0,0.988
2019/5/21 13:08,0.0,0.0,1.0,0.0,0.9259999999999999
2019/5/21 13:16,0.0,0.0,1.0,0.0,0.983
2019/5/21 13:17,0.0,0.0,1.0,0.0,1.024
2019/5/21 13:18,0.0,0.0,1.0,0.0,0.919
2019/5/21 13:19,0.0,0.0,1.0,0.0,0.821
2019/5/21 13:20,0.0,0.0,1.0,0.0,0.836
2019/5/21 13:21,0.0,0.0,1.0,0.0,0.9179999999999999
2019/5/21 13:22,0.0,0.0,1.0,0.0,0.836
2019/5/21 13:25,0.0,0.0,0.0,1.0,0.927
2019/5/21 13:33,0.0,0.0,0.0,1.0,0.9890000000000001
2019/5/21 13:34,0.0,0.0,0.0,1.0,0.927
2019/5/21 13:35,0.0,0.0,0.0,1.0,0.805
2019/5/21 13:39,0.0,0.0,1.0,0.0,0.835
2019/5/21 13:40,0.0,0.0,1.0,0.0,0.8190000000000001
2019/5/21 13:41,0.0,0.0,1.0,0.0,0.8290000000000001
2019/5/21 13:44,0.0,0.0,1.0,0.0,0.9590000000000001
2019/5/21 13:45,0.0,0.0,1.0,0.0,0.9590000000000001
2019/5/21 13:50,0.0,0.0,0.0,1.0,1.318
2019/5/21 13:51,0.0,0.0,0.0,1.0,1.179
2019/5/21 13:52,0.0,0.0,0.0,1.0,1.015
2019/5/21 13:57,0.0,0.0,0.0,1.0,0.883
2019/5/21 13:58,0.0,0.0,0.0,1.0,0.852
2019/5/21 14:00,0.0,0.0,0.0,1.0,0.862
2019/5/21 14:05,0.0,0.0,1.0,0.0,1.5859999999999999
2019/5/21 14:06,0.0,0.0,1.0,0.0,1.034
2019/5/21 14:08,0.0,0.0,1.0,0.0,0.96
2019/5/21 14:09,0.0,0.0,1.0,0.0,0.996
2019/5/21 14:10,0.0,0.0,1.0,0.0,0.929
2019/5/21 14:12,0.0,0.0,1.0,0.0,1.041
2019/5/21 14:13,0.0,0.0,1.0,0.0,0.93
2019/5/21 14:14,0.0,0.0,1.0,0.0,1.088
2019/5/21 14:15,0.0,0.0,1.0,0.0,0.9620000000000001
2019/5/21 14:16,0.0,0.0,1.0,0.0,1.185
2019/5/21 14:20,0.0,0.0,0.0,1.0,1.176
2019/5/21 14:21,0.0,0.0,0.0,1.0,1.024
2019/5/21 14:22,0.0,0.0,0.0,1.0,1.286
2019/5/21 14:31,0.0,0.0,0.0,1.0,0.894
2019/5/21 14:38,0.0,0.0,1.0,0.0,1.3940000000000001
2019/5/21 14:39,0.0,0.0,1.0,0.0,0.9570000000000001
2019/5/21 14:44,0.0,0.0,0.0,1.0,2.08
2019/5/21 14:45,0.0,0.0,0.0,1.0,0.972
2019/5/21 14:50,0.0,0.0,1.0,0.0,3.4789999999999996
2019/5/22 9:37,0.0,0.0,1.0,0.0,0.809
2019/5/22 9:38,0.0,0.0,1.0,0.0,1.032
2019/5/22 9:39,0.0,0.0,1.0,0.0,2.008
2019/5/22 9:40,0.0,0.0,1.0,0.0,1.072
2019/5/22 9:41,0.0,0.0,1.0,0.0,0.941
2019/5/22 9:52,0.0,0.0,0.0,1.0,2.504
2019/5/22 9:54,0.0,0.0,0.0,1.0,1.185
2019/5/22 9:55,0.0,0.0,0.0,1.0,0.9129999999999999
2019/5/22 9:56,0.0,0.0,0.0,1.0,0.8220000000000001
2019/5/22 9:59,0.0,0.0,0.0,1.0,0.893
2019/5/22 10:03,0.0,0.0,0.0,1.0,0.846
2019/5/22 10:07,0.0,0.0,0.0,1.0,1.078
2019/5/22 10:09,0.0,0.0,1.0,0.0,1.5430000000000001
2019/5/22 10:10,0.0,0.0,1.0,0.0,1.126
2019/5/22 10:13,0.0,0.0,0.0,1.0,0.84
2019/5/22 10:14,0.0,0.0,0.0,1.0,0.935
2019/5/22 10:15,0.0,0.0,0.0,1.0,0.934
2019/5/22 10:16,0.0,0.0,0.0,1.0,0.986
2019/5/22 10:17,0.0,0.0,0.0,1.0,0.863
2019/5/22 10:25,0.0,0.0,1.0,0.0,0.8690000000000001
2019/5/22 10:26,0.0,0.0,1.0,0.0,0.934
2019/5/22 10:27,0.0,0.0,1.0,0.0,0.84
2019/5/22 10:28,0.0,0.0,1.0,0.0,0.81
2019/5/22 10:39,0.0,0.0,1.0,0.0,0.85
2019/5/22 10:40,0.0,0.0,1.0,0.0,0.865
2019/5/22 10:44,0.0,0.0,1.0,0.0,1.38
2019/5/22 10:59,0.0,0.0,0.0,1.0,1.329
2019/5/22 11:00,0.0,0.0,0.0,1.0,1.173
2019/5/22 11:01,0.0,0.0,0.0,1.0,0.992
2019/5/22 11:02,0.0,0.0,0.0,1.0,1.037
2019/5/22 11:04,0.0,0.0,0.0,1.0,0.868
2019/5/22 11:05,0.0,0.0,1.0,0.0,1.4769999999999999
2019/5/22 11:09,0.0,0.0,0.0,1.0,1.413
2019/5/22 11:12,0.0,0.0,0.0,1.0,0.872
2019/5/22 11:19,0.0,0.0,1.0,0.0,0.826
2019/5/22 11:25,0.0,0.0,0.0,1.0,1.0170000000000001
2019/5/22 11:27,0.0,0.0,0.0,1.0,0.8440000000000001
2019/5/22 13:03,0.0,0.0,1.0,0.0,1.089
2019/5/22 13:05,0.0,0.0,1.0,0.0,0.96
2019/5/22 13:07,0.0,0.0,1.0,0.0,0.943
2019/5/22 13:08,0.0,0.0,1.0,0.0,0.835
2019/5/22 13:25,0.0,0.0,1.0,0.0,1.119
2019/5/22 13:33,0.0,0.0,1.0,0.0,0.973
2019/5/22 13:40,0.0,0.0,0.0,1.0,0.929
2019/5/22 13:41,0.0,0.0,1.0,0.0,1.429
2019/5/22 13:45,0.0,0.0,1.0,0.0,0.897
2019/5/22 13:46,0.0,0.0,1.0,0.0,0.825
2019/5/22 13:48,0.0,0.0,0.0,1.0,0.835
2019/5/22 13:54,0.0,0.0,1.0,0.0,0.995
2019/5/22 13:59,0.0,0.0,0.0,1.0,1.062
2019/5/22 14:00,0.0,0.0,0.0,1.0,0.94
2019/5/22 14:02,0.0,0.0,0.0,1.0,0.8340000000000001
2019/5/22 14:06,0.0,0.0,1.0,0.0,1.225
2019/5/22 14:09,0.0,0.0,1.0,0.0,0.816
2019/5/22 14:13,0.0,0.0,1.0,0.0,0.843
2019/5/22 14:16,0.0,0.0,1.0,0.0,1.208
2019/5/22 14:18,0.0,0.0,1.0,0.0,0.9279999999999999
2019/5/22 14:22,0.0,0.0,0.0,1.0,0.8190000000000001
2019/5/22 14:25,0.0,0.0,0.0,1.0,1.138
2019/5/22 14:34,0.0,0.0,0.0,1.0,2.314
2019/5/22 14:35,0.0,0.0,0.0,1.0,0.84
2019/5/22 14:36,0.0,0.0,0.0,1.0,0.8690000000000001
2019/5/22 14:37,0.0,0.0,0.0,1.0,0.845
2019/5/22 14:56,0.0,0.0,0.0,1.0,0.812
2019/5/23 9:31,0.0,0.0,1.0,0.0,1.1179999999999999
2019/5/23 9:32,0.0,0.0,1.0,0.0,1.0390000000000001
2019/5/23 9:33,0.0,0.0,1.0,0.0,0.915
2019/5/23 9:34,0.0,0.0,1.0,0.0,0.922
2019/5/23 9:35,0.0,0.0,1.0,0.0,0.9229999999999999
2019/5/23 9:36,0.0,0.0,1.0,0.0,0.9329999999999999
2019/5/23 9:38,0.0,0.0,1.0,0.0,0.89
2019/5/23 9:39,0.0,0.0,1.0,0.0,0.843
2019/5/23 9:54,0.0,0.0,1.0,0.0,2.563
2019/5/23 9:55,0.0,0.0,1.0,0.0,1.163
2019/5/23 10:01,0.0,0.0,1.0,0.0,0.812
2019/5/23 10:07,0.0,0.0,0.0,1.0,1.217
2019/5/23 10:10,0.0,0.0,0.0,1.0,0.865
2019/5/23 10:13,0.0,0.0,0.0,1.0,0.9
2019/5/23 10:14,0.0,0.0,0.0,1.0,0.8029999999999999
2019/5/23 10:17,0.0,0.0,0.0,1.0,0.92
2019/5/23 10:18,0.0,0.0,0.0,1.0,1.067
2019/5/23 10:25,0.0,0.0,0.0,1.0,1.9269999999999998
2019/5/23 10:27,0.0,0.0,0.0,1.0,0.966
2019/5/23 10:28,0.0,0.0,0.0,1.0,0.8140000000000001
2019/5/23 10:29,0.0,0.0,0.0,1.0,0.924
2019/5/23 10:31,0.0,0.0,1.0,0.0,1.61
2019/5/23 10:34,0.0,0.0,0.0,1.0,1.435
2019/5/23 10:35,0.0,0.0,0.0,1.0,0.929
2019/5/23 10:36,0.0,0.0,0.0,1.0,0.8220000000000001
2019/5/23 10:37,0.0,0.0,0.0,1.0,0.995
2019/5/23 10:38,0.0,0.0,0.0,1.0,0.9420000000000001
2019/5/23 10:39,0.0,0.0,0.0,1.0,0.853
2019/5/23 10:45,0.0,0.0,1.0,0.0,1.1640000000000001
2019/5/23 10:47,0.0,0.0,0.0,1.0,1.122
2019/5/23 10:48,0.0,0.0,0.0,1.0,1.213
2019/5/23 10:49,0.0,0.0,0.0,1.0,1.133
2019/5/23 10:50,0.0,0.0,0.0,1.0,1.188
2019/5/23 10:51,0.0,0.0,0.0,1.0,1.18
2019/5/23 10:52,0.0,0.0,0.0,1.0,1.062
2019/5/23 10:53,0.0,0.0,0.0,1.0,1.006
2019/5/23 10:54,0.0,0.0,0.0,1.0,1.068
2019/5/23 10:55,1.0,1.0,0.0,1.0,1.2409999999999999
2019/5/23 10:56,0.0,0.0,0.0,1.0,1.161
2019/5/23 10:58,0.0,0.0,1.0,0.0,0.975
2019/5/23 10:59,0.0,0.0,1.0,0.0,0.985
2019/5/23 11:00,0.0,0.0,1.0,0.0,0.9940000000000001
2019/5/23 11:01,0.0,0.0,1.0,0.0,0.961
2019/5/23 11:02,0.0,0.0,1.0,0.0,0.8759999999999999
2019/5/23 11:04,9.0,9.0,1.0,0.0,0.976
2019/5/23 11:05,0.0,0.0,1.0,0.0,0.9
2019/5/23 11:06,0.0,0.0,1.0,0.0,1.035
2019/5/23 11:07,0.0,0.0,1.0,0.0,1.412
2019/5/23 11:08,0.0,0.0,1.0,0.0,1.113
2019/5/23 11:09,0.0,0.0,1.0,0.0,1.074
2019/5/23 11:10,0.0,0.0,1.0,0.0,0.805
2019/5/23 11:11,0.0,0.0,1.0,0.0,0.8759999999999999
2019/5/23 13:06,0.0,0.0,1.0,0.0,0.8640000000000001
2019/5/23 13:07,0.0,0.0,0.0,1.0,1.7380000000000002
2019/5/23 13:08,0.0,0.0,0.0,1.0,1.19
2019/5/23 13:09,0.0,0.0,0.0,1.0,1.052
2019/5/23 13:10,0.0,0.0,0.0,1.0,1.1059999999999999
2019/5/23 13:11,0.0,0.0,0.0,1.0,1.097
2019/5/23 13:12,0.0,0.0,0.0,1.0,0.863
2019/5/23 13:13,0.0,0.0,1.0,0.0,1.635
2019/5/23 13:14,0.0,0.0,1.0,0.0,1.235
2019/5/23 13:23,0.0,0.0,1.0,0.0,0.865
2019/5/23 13:31,0.0,0.0,0.0,1.0,1.4069999999999998
2019/5/23 13:33,0.0,0.0,0.0,1.0,1.9669999999999999
2019/5/23 13:34,0.0,0.0,0.0,1.0,1.4140000000000001
2019/5/23 13:35,1.0,1.0,0.0,1.0,1.348
2019/5/23 13:36,0.0,0.0,0.0,1.0,1.1059999999999999
2019/5/23 13:37,0.0,0.0,0.0,1.0,1.084
2019/5/23 13:41,0.0,0.0,1.0,0.0,0.895
2019/5/23 13:48,9.0,9.0,1.0,0.0,0.9390000000000001
2019/5/23 14:20,0.0,0.0,0.0,1.0,1.048
2019/5/23 14:21,0.0,0.0,0.0,1.0,0.871
2019/5/23 14:22,0.0,0.0,0.0,1.0,0.8220000000000001
2019/5/23 14:27,0.0,0.0,1.0,0.0,1.136
2019/5/23 14:28,0.0,0.0,1.0,0.0,0.9079999999999999
2019/5/23 14:31,0.0,0.0,1.0,0.0,0.8170000000000001
2019/5/23 14:42,0.0,0.0,1.0,0.0,1.081
2019/5/23 14:44,0.0,0.0,1.0,0.0,0.8029999999999999
2019/5/23 14:54,0.0,0.0,0.0,1.0,0.9179999999999999
2019/5/23 14:56,0.0,0.0,0.0,1.0,0.8809999999999999
2019/5/23 14:57,0.0,0.0,0.0,1.0,0.848
2019/5/23 14:59,0.0,0.0,0.0,1.0,0.919
2019/5/24 9:38,0.0,0.0,0.0,1.0,1.01
2019/5/24 9:39,0.0,0.0,0.0,1.0,0.825
2019/5/24 9:40,0.0,0.0,0.0,1.0,0.856
2019/5/24 9:41,0.0,0.0,0.0,1.0,0.809
2019/5/24 9:42,0.0,0.0,0.0,1.0,1.083
2019/5/24 9:43,1.0,1.0,0.0,1.0,3.0239999999999996
2019/5/24 9:44,0.0,0.0,0.0,1.0,1.0
2019/5/24 9:51,9.0,9.0,1.0,0.0,0.81
2019/5/24 9:55,0.0,0.0,0.0,1.0,0.941
2019/5/24 10:01,0.0,0.0,1.0,0.0,2.759
2019/5/24 10:13,0.0,0.0,1.0,0.0,0.81
2019/5/24 10:25,0.0,0.0,1.0,0.0,1.07
2019/5/24 10:26,0.0,0.0,1.0,0.0,1.0
2019/5/24 10:33,0.0,0.0,1.0,0.0,1.235
2019/5/24 10:34,0.0,0.0,1.0,0.0,0.978
2019/5/24 10:42,0.0,0.0,0.0,1.0,1.311
2019/5/24 10:43,0.0,0.0,0.0,1.0,0.887
2019/5/24 10:44,0.0,0.0,0.0,1.0,0.9209999999999999
2019/5/24 10:45,0.0,0.0,0.0,1.0,1.002
2019/5/24 10:49,0.0,0.0,1.0,0.0,1.4140000000000001
2019/5/24 10:50,0.0,0.0,1.0,0.0,1.732
2019/5/24 10:55,0.0,0.0,0.0,1.0,1.117
2019/5/24 10:56,0.0,0.0,0.0,1.0,1.031
2019/5/24 10:57,0.0,0.0,0.0,1.0,0.903
2019/5/24 10:58,0.0,0.0,0.0,1.0,0.9359999999999999
2019/5/24 10:59,0.0,0.0,0.0,1.0,0.922
2019/5/24 11:00,0.0,0.0,0.0,1.0,0.977
2019/5/24 11:01,0.0,0.0,0.0,1.0,0.904
2019/5/24 11:02,0.0,0.0,0.0,1.0,0.955
2019/5/24 11:03,1.0,1.0,0.0,1.0,1.255
2019/5/24 11:06,0.0,0.0,1.0,0.0,0.877
2019/5/24 11:07,0.0,0.0,1.0,0.0,0.8009999999999999
2019/5/24 11:08,0.0,0.0,1.0,0.0,0.882
2019/5/24 11:09,0.0,0.0,1.0,0.0,0.94
2019/5/24 11:10,0.0,0.0,1.0,0.0,0.941
2019/5/24 11:11,0.0,0.0,1.0,0.0,0.912
2019/5/24 11:12,0.0,0.0,1.0,0.0,1.0090000000000001
2019/5/24 11:16,0.0,0.0,1.0,0.0,0.986
2019/5/24 11:26,0.0,0.0,1.0,0.0,0.904
2019/5/24 13:02,0.0,0.0,1.0,0.0,0.9470000000000001
2019/5/24 13:03,0.0,0.0,1.0,0.0,0.9590000000000001
2019/5/24 13:04,0.0,0.0,1.0,0.0,0.847
2019/5/24 13:05,9.0,9.0,1.0,0.0,1.271
2019/5/24 13:07,0.0,0.0,1.0,0.0,0.8420000000000001
2019/5/24 13:10,0.0,0.0,1.0,0.0,0.977
2019/5/24 13:16,0.0,0.0,0.0,1.0,1.235
2019/5/24 13:24,0.0,0.0,0.0,1.0,1.464
2019/5/24 13:26,0.0,0.0,0.0,1.0,0.838
2019/5/24 13:27,0.0,0.0,0.0,1.0,0.8809999999999999
2019/5/24 13:44,0.0,0.0,1.0,0.0,1.339
2019/5/24 13:49,0.0,0.0,1.0,0.0,0.855
2019/5/24 13:53,0.0,0.0,0.0,1.0,1.011
2019/5/24 13:54,0.0,0.0,0.0,1.0,0.927
2019/5/24 13:55,0.0,0.0,0.0,1.0,0.879
2019/5/24 14:00,0.0,0.0,1.0,0.0,0.955
2019/5/24 14:02,0.0,0.0,0.0,1.0,2.2
2019/5/24 14:03,0.0,0.0,0.0,1.0,1.2209999999999999
2019/5/24 14:04,0.0,0.0,0.0,1.0,1.2830000000000001
2019/5/24 14:07,0.0,0.0,1.0,0.0,0.863
2019/5/24 14:08,0.0,0.0,1.0,0.0,0.951
2019/5/24 14:09,0.0,0.0,1.0,0.0,0.8640000000000001
2019/5/24 14:10,0.0,0.0,1.0,0.0,0.8220000000000001
2019/5/24 14:16,0.0,0.0,1.0,0.0,0.812
2019/5/24 14:20,0.0,0.0,0.0,1.0,1.083
2019/5/24 14:22,0.0,0.0,0.0,1.0,0.898
2019/5/24 14:23,0.0,0.0,0.0,1.0,1.015
2019/5/24 14:24,0.0,0.0,0.0,1.0,0.826
2019/5/24 14:25,0.0,0.0,0.0,1.0,1.0170000000000001
2019/5/24 14:26,0.0,0.0,0.0,1.0,1.016
2019/5/24 14:27,0.0,0.0,0.0,1.0,0.92
2019/5/24 14:28,0.0,0.0,0.0,1.0,0.85
2019/5/24 14:29,0.0,0.0,0.0,1.0,0.804
2019/5/24 14:30,0.0,0.0,0.0,1.0,0.95
2019/5/24 14:33,0.0,0.0,1.0,0.0,1.013
2019/5/24 14:35,0.0,0.0,1.0,0.0,0.971
2019/5/24 14:36,0.0,0.0,1.0,0.0,1.072
2019/5/24 14:37,0.0,0.0,1.0,0.0,0.9440000000000001
2019/5/24 14:40,0.0,0.0,1.0,0.0,1.882
2019/5/24 14:42,0.0,0.0,1.0,0.0,0.8759999999999999
2019/5/24 14:47,0.0,0.0,1.0,0.0,1.022
2019/5/24 14:49,0.0,0.0,1.0,0.0,1.035
2019/5/24 14:50,0.0,0.0,1.0,0.0,0.9390000000000001
2019/5/24 14:51,0.0,0.0,1.0,0.0,1.062
2019/5/24 14:52,0.0,0.0,1.0,0.0,1.067
2019/5/24 14:54,0.0,0.0,1.0,0.0,0.9109999999999999
2019/5/27 9:43,0.0,0.0,1.0,0.0,3.161
2019/5/27 9:48,0.0,0.0,1.0,0.0,3.339
2019/5/27 9:49,0.0,0.0,1.0,0.0,3.17
2019/5/27 9:50,0.0,0.0,1.0,0.0,3.234
2019/5/27 9:51,0.0,0.0,1.0,0.0,1.141
2019/5/27 9:52,0.0,0.0,1.0,0.0,0.867
2019/5/27 9:59,0.0,0.0,0.0,1.0,1.284
2019/5/27 10:05,0.0,0.0,1.0,0.0,0.995
2019/5/27 10:19,0.0,0.0,1.0,0.0,0.9940000000000001
2019/5/27 10:20,0.0,0.0,1.0,0.0,1.161
2019/5/27 10:21,0.0,0.0,1.0,0.0,1.0070000000000001
2019/5/27 10:22,0.0,0.0,1.0,0.0,1.127
2019/5/27 10:23,0.0,0.0,1.0,0.0,0.905
2019/5/27 10:28,0.0,0.0,0.0,1.0,1.2429999999999999
2019/5/27 10:29,0.0,0.0,0.0,1.0,0.935
2019/5/27 10:37,0.0,0.0,0.0,1.0,0.993
2019/5/27 10:38,0.0,0.0,0.0,1.0,0.94
2019/5/27 10:44,0.0,0.0,1.0,0.0,1.339
2019/5/27 10:48,0.0,0.0,1.0,0.0,0.8590000000000001
2019/5/27 10:51,0.0,0.0,1.0,0.0,0.9209999999999999
2019/5/27 10:58,0.0,0.0,1.0,0.0,0.858
2019/5/27 10:59,0.0,0.0,1.0,0.0,0.882
2019/5/27 11:00,0.0,0.0,1.0,0.0,0.8220000000000001
2019/5/27 11:01,0.0,0.0,1.0,0.0,0.85
2019/5/27 11:07,0.0,0.0,1.0,0.0,0.87
2019/5/27 11:11,0.0,0.0,0.0,1.0,0.9209999999999999
2019/5/27 11:13,0.0,0.0,0.0,1.0,0.841
2019/5/27 11:18,0.0,0.0,1.0,0.0,0.927
2019/5/27 11:19,0.0,0.0,1.0,0.0,1.038
2019/5/27 11:20,0.0,0.0,1.0,0.0,0.807
2019/5/27 11:23,0.0,0.0,0.0,1.0,1.226
2019/5/27 11:24,0.0,0.0,0.0,1.0,1.075
2019/5/27 11:25,0.0,0.0,0.0,1.0,1.25
2019/5/27 11:26,0.0,0.0,0.0,1.0,1.077
2019/5/27 11:27,0.0,0.0,0.0,1.0,1.14
2019/5/27 11:28,0.0,0.0,0.0,1.0,1.036
2019/5/27 11:29,0.0,0.0,0.0,1.0,0.996
2019/5/27 11:30,0.0,0.0,0.0,1.0,1.077
2019/5/27 13:01,0.0,0.0,0.0,1.0,0.8079999999999999
2019/5/27 13:08,0.0,0.0,0.0,1.0,1.044
2019/5/27 13:11,0.0,0.0,0.0,1.0,1.157
2019/5/27 13:12,0.0,0.0,0.0,1.0,0.965
2019/5/27 13:13,0.0,0.0,0.0,1.0,0.882
2019/5/27 13:14,0.0,0.0,0.0,1.0,1.0070000000000001
2019/5/27 13:15,0.0,0.0,0.0,1.0,1.046
2019/5/27 13:16,0.0,0.0,0.0,1.0,0.8540000000000001
2019/5/27 13:20,0.0,0.0,1.0,0.0,2.052
2019/5/27 13:21,0.0,0.0,1.0,0.0,1.324
2019/5/27 13:29,0.0,0.0,0.0,1.0,0.84
2019/5/27 13:30,0.0,0.0,0.0,1.0,0.925
2019/5/27 13:31,0.0,0.0,0.0,1.0,1.011
2019/5/27 13:32,0.0,0.0,0.0,1.0,0.935
2019/5/27 13:33,0.0,0.0,0.0,1.0,1.01
2019/5/27 13:34,0.0,0.0,0.0,1.0,0.907
2019/5/27 13:37,0.0,0.0,1.0,0.0,1.175
2019/5/27 13:42,0.0,0.0,1.0,0.0,0.938
2019/5/27 13:43,0.0,0.0,1.0,0.0,0.8370000000000001
2019/5/27 13:44,0.0,0.0,1.0,0.0,1.147
2019/5/27 13:45,0.0,0.0,1.0,0.0,0.9940000000000001
2019/5/27 13:49,0.0,0.0,0.0,1.0,0.8240000000000001
2019/5/27 13:50,0.0,0.0,0.0,1.0,0.924
2019/5/27 13:51,0.0,0.0,0.0,1.0,0.861
2019/5/27 13:53,0.0,0.0,0.0,1.0,0.823
2019/5/27 13:54,0.0,0.0,0.0,1.0,0.805
2019/5/27 14:02,0.0,0.0,1.0,0.0,1.359
2019/5/27 14:03,0.0,0.0,1.0,0.0,0.9570000000000001
2019/5/27 14:04,0.0,0.0,1.0,0.0,0.897
2019/5/27 14:05,0.0,0.0,1.0,0.0,0.892
2019/5/27 14:06,0.0,0.0,1.0,0.0,1.082
2019/5/27 14:08,0.0,0.0,0.0,1.0,1.274
2019/5/27 14:11,0.0,0.0,0.0,1.0,1.462
2019/5/27 14:12,0.0,0.0,0.0,1.0,1.186
2019/5/27 14:13,0.0,0.0,0.0,1.0,1.021
2019/5/27 14:14,0.0,0.0,0.0,1.0,1.04
2019/5/27 14:15,0.0,0.0,0.0,1.0,1.0070000000000001
2019/5/27 14:16,0.0,0.0,0.0,1.0,0.9440000000000001
2019/5/27 14:20,0.0,0.0,0.0,1.0,0.987
2019/5/27 14:21,0.0,0.0,0.0,1.0,0.877
2019/5/27 14:22,0.0,0.0,0.0,1.0,1.119
2019/5/27 14:23,1.0,1.0,0.0,1.0,1.2890000000000001
2019/5/27 14:24,0.0,0.0,0.0,1.0,1.2819999999999998
2019/5/27 14:27,0.0,0.0,1.0,0.0,0.847
2019/5/27 14:28,0.0,0.0,1.0,0.0,1.0170000000000001
2019/5/27 14:29,0.0,0.0,1.0,0.0,1.0390000000000001
2019/5/27 14:30,0.0,0.0,1.0,0.0,0.997
2019/5/27 14:37,0.0,0.0,1.0,0.0,2.214
2019/5/27 14:38,0.0,0.0,1.0,0.0,0.966
2019/5/27 14:39,0.0,0.0,1.0,0.0,1.39
2019/5/27 14:40,0.0,0.0,1.0,0.0,0.875
2019/5/27 14:41,0.0,0.0,1.0,0.0,0.8340000000000001
2019/5/27 14:42,0.0,0.0,1.0,0.0,0.851
2019/5/27 14:43,0.0,0.0,1.0,0.0,0.8240000000000001
2019/5/27 14:44,9.0,9.0,1.0,0.0,0.9740000000000001
2019/5/27 14:45,0.0,0.0,1.0,0.0,1.07
2019/5/27 14:46,0.0,0.0,1.0,0.0,1.055
2019/5/27 14:47,0.0,0.0,1.0,0.0,0.996
2019/5/27 14:52,0.0,0.0,0.0,1.0,0.9359999999999999
2019/5/27 14:53,0.0,0.0,0.0,1.0,0.925
2019/5/27 14:54,0.0,0.0,0.0,1.0,1.111
2019/5/27 14:55,0.0,0.0,0.0,1.0,1.22
2019/5/27 14:56,0.0,0.0,0.0,1.0,1.1840000000000002
2019/5/27 14:57,0.0,0.0,0.0,1.0,1.069
2019/5/27 14:58,0.0,0.0,0.0,1.0,0.892
2019/5/28 9:38,0.0,0.0,0.0,1.0,0.856
2019/5/28 9:39,0.0,0.0,0.0,1.0,0.951
2019/5/28 9:49,0.0,0.0,0.0,1.0,0.988
2019/5/28 9:50,0.0,0.0,0.0,1.0,0.884
2019/5/28 9:51,0.0,0.0,0.0,1.0,0.91
2019/5/28 9:52,1.0,1.0,0.0,1.0,1.3659999999999999
2019/5/28 10:00,0.0,0.0,0.0,1.0,0.902
2019/5/28 10:01,0.0,0.0,0.0,1.0,0.953
2019/5/28 10:02,0.0,0.0,0.0,1.0,0.91
2019/5/28 10:03,0.0,0.0,0.0,1.0,0.9129999999999999
2019/5/28 10:04,0.0,0.0,0.0,1.0,0.983
2019/5/28 10:05,0.0,0.0,0.0,1.0,1.012
2019/5/28 10:11,0.0,0.0,0.0,1.0,0.87
2019/5/28 10:12,0.0,0.0,0.0,1.0,0.8
2019/5/28 10:13,0.0,0.0,0.0,1.0,1.579
2019/5/28 10:18,0.0,0.0,1.0,0.0,0.847
2019/5/28 10:19,0.0,0.0,1.0,0.0,1.102
2019/5/28 10:20,0.0,0.0,1.0,0.0,0.922
2019/5/28 10:21,9.0,9.0,1.0,0.0,0.971
2019/5/28 10:22,0.0,0.0,1.0,0.0,0.875
2019/5/28 10:26,0.0,0.0,0.0,1.0,0.978
2019/5/28 10:27,0.0,0.0,0.0,1.0,0.8540000000000001
2019/5/28 10:28,0.0,0.0,0.0,1.0,0.8270000000000001
2019/5/28 10:35,0.0,0.0,1.0,0.0,0.809
2019/5/28 10:36,0.0,0.0,1.0,0.0,0.92
2019/5/28 10:37,0.0,0.0,1.0,0.0,0.815
2019/5/28 10:40,0.0,0.0,0.0,1.0,2.19
2019/5/28 10:41,0.0,0.0,0.0,1.0,0.971
2019/5/28 10:42,0.0,0.0,0.0,1.0,1.012
2019/5/28 10:43,0.0,0.0,0.0,1.0,1.044
2019/5/28 10:44,0.0,0.0,0.0,1.0,0.977
2019/5/28 10:45,0.0,0.0,0.0,1.0,0.915
2019/5/28 10:51,0.0,0.0,0.0,1.0,0.809
2019/5/28 10:52,0.0,0.0,0.0,1.0,0.888
2019/5/28 10:53,0.0,0.0,0.0,1.0,0.8059999999999999
2019/5/28 10:56,0.0,0.0,0.0,1.0,0.86
2019/5/28 10:58,0.0,0.0,0.0,1.0,1.07
2019/5/28 10:59,0.0,0.0,0.0,1.0,1.006
2019/5/28 11:00,0.0,0.0,0.0,1.0,0.983
2019/5/28 11:01,1.0,1.0,0.0,1.0,1.474
2019/5/28 11:04,0.0,0.0,1.0,0.0,1.0090000000000001
2019/5/28 11:05,0.0,0.0,1.0,0.0,0.924
2019/5/28 11:06,0.0,0.0,1.0,0.0,0.9490000000000001
2019/5/28 11:07,0.0,0.0,1.0,0.0,0.93
2019/5/28 11:08,0.0,0.0,1.0,0.0,0.8
2019/5/28 11:10,9.0,9.0,1.0,0.0,1.125
2019/5/28 11:11,0.0,0.0,1.0,0.0,0.8540000000000001
2019/5/28 11:13,0.0,0.0,0.0,1.0,1.01
2019/5/28 11:14,0.0,0.0,0.0,1.0,1.125
2019/5/28 11:15,0.0,0.0,0.0,1.0,1.04
2019/5/28 11:16,0.0,0.0,0.0,1.0,1.133
2019/5/28 11:17,0.0,0.0,0.0,1.0,1.093
2019/5/28 11:18,0.0,0.0,0.0,1.0,1.0659999999999998
2019/5/28 11:19,0.0,0.0,0.0,1.0,1.1740000000000002
2019/5/28 11:21,1.0,1.0,0.0,1.0,1.358
2019/5/28 11:27,9.0,9.0,1.0,0.0,2.0669999999999997
2019/5/28 11:28,0.0,0.0,0.0,1.0,2.049
2019/5/28 11:30,0.0,0.0,0.0,1.0,0.89
2019/5/28 13:07,0.0,0.0,1.0,0.0,1.3030000000000002
2019/5/28 13:08,0.0,0.0,1.0,0.0,1.125
2019/5/28 13:09,0.0,0.0,1.0,0.0,0.977
2019/5/28 13:10,0.0,0.0,1.0,0.0,1.4680000000000002
2019/5/28 13:14,0.0,0.0,0.0,1.0,1.151
2019/5/28 13:15,0.0,0.0,0.0,1.0,0.861
2019/5/28 13:16,0.0,0.0,0.0,1.0,0.9279999999999999
2019/5/28 13:17,0.0,0.0,0.0,1.0,0.927
2019/5/28 13:18,0.0,0.0,0.0,1.0,1.037
2019/5/28 13:25,0.0,0.0,0.0,1.0,0.8240000000000001
2019/5/28 13:26,0.0,0.0,0.0,1.0,0.905
2019/5/28 13:27,0.0,0.0,0.0,1.0,0.871
2019/5/28 13:31,0.0,0.0,1.0,0.0,0.875
2019/5/28 13:35,0.0,0.0,1.0,0.0,1.06
2019/5/28 13:40,0.0,0.0,1.0,0.0,0.8370000000000001
2019/5/28 13:42,0.0,0.0,1.0,0.0,0.925
2019/5/28 13:43,0.0,0.0,1.0,0.0,0.875
2019/5/28 13:44,0.0,0.0,1.0,0.0,0.96
2019/5/28 13:48,0.0,0.0,1.0,0.0,0.981
2019/5/28 13:49,0.0,0.0,1.0,0.0,0.978
2019/5/28 13:50,0.0,0.0,1.0,0.0,0.816
2019/5/28 13:51,0.0,0.0,1.0,0.0,0.9309999999999999
2019/5/28 13:53,0.0,0.0,1.0,0.0,1.004
2019/5/28 13:55,0.0,0.0,0.0,1.0,1.6540000000000001
2019/5/28 14:02,0.0,0.0,1.0,0.0,0.917
2019/5/28 14:03,0.0,0.0,1.0,0.0,0.92
2019/5/28 14:05,0.0,0.0,1.0,0.0,0.83
2019/5/28 14:06,0.0,0.0,1.0,0.0,0.875
2019/5/28 14:07,0.0,0.0,1.0,0.0,0.895
2019/5/28 14:08,0.0,0.0,1.0,0.0,0.8490000000000001
2019/5/28 14:21,0.0,0.0,0.0,1.0,0.8009999999999999
2019/5/28 14:22,0.0,0.0,0.0,1.0,0.821
2019/5/28 14:23,0.0,0.0,0.0,1.0,0.852
2019/5/28 14:24,0.0,0.0,0.0,1.0,0.831
2019/5/28 14:25,0.0,0.0,0.0,1.0,1.0290000000000001
2019/5/28 14:30,0.0,0.0,1.0,0.0,1.261
2019/5/28 14:31,0.0,0.0,1.0,0.0,1.472
2019/5/28 14:32,0.0,0.0,1.0,0.0,1.095
2019/5/28 14:33,0.0,0.0,1.0,0.0,0.932
2019/5/28 14:34,0.0,0.0,1.0,0.0,0.922
2019/5/28 14:35,0.0,0.0,1.0,0.0,0.997
2019/5/28 14:36,0.0,0.0,1.0,0.0,0.93
2019/5/28 14:37,0.0,0.0,1.0,0.0,0.953
2019/5/28 14:38,0.0,0.0,1.0,0.0,1.258
2019/5/28 14:39,0.0,0.0,1.0,0.0,1.482
2019/5/28 14:40,0.0,0.0,1.0,0.0,1.239
2019/5/28 14:41,0.0,0.0,1.0,0.0,0.938
2019/5/28 14:42,0.0,0.0,1.0,0.0,1.006
2019/5/28 14:43,0.0,0.0,1.0,0.0,0.9079999999999999
2019/5/28 14:44,0.0,0.0,1.0,0.0,0.9390000000000001
2019/5/28 14:45,0.0,0.0,1.0,0.0,0.8859999999999999
2019/5/28 14:46,0.0,0.0,1.0,0.0,1.103
2019/5/28 14:47,0.0,0.0,1.0,0.0,2.0180000000000002
2019/5/28 14:53,0.0,0.0,1.0,0.0,5.073
2019/5/28 14:55,0.0,0.0,0.0,1.0,2.167
2019/5/28 14:56,0.0,0.0,0.0,1.0,1.952
2019/5/28 14:57,0.0,0.0,0.0,1.0,2.161
2019/5/28 14:58,0.0,0.0,0.0,1.0,1.84
2019/5/28 14:59,1.0,1.0,0.0,1.0,1.829
2019/5/28 15:00,1.0,1.0,0.0,1.0,1.739
2019/5/29 9:47,0.0,0.0,0.0,1.0,0.975
2019/5/29 9:48,0.0,0.0,0.0,1.0,0.9309999999999999
2019/5/29 9:49,0.0,0.0,0.0,1.0,1.046
2019/5/29 9:50,0.0,0.0,0.0,1.0,0.9840000000000001
2019/5/29 9:52,0.0,0.0,0.0,1.0,1.227
2019/5/29 9:53,0.0,0.0,0.0,1.0,0.968
2019/5/29 9:55,0.0,0.0,1.0,0.0,1.253
2019/5/29 9:56,0.0,0.0,1.0,0.0,0.982
2019/5/29 9:59,9.0,9.0,1.0,0.0,1.348
2019/5/29 10:00,0.0,0.0,1.0,0.0,1.128
2019/5/29 10:01,0.0,0.0,1.0,0.0,0.935
2019/5/29 10:07,0.0,0.0,0.0,1.0,0.8859999999999999
2019/5/29 10:14,0.0,0.0,0.0,1.0,0.816
2019/5/29 10:19,0.0,0.0,0.0,1.0,0.8270000000000001
2019/5/29 10:21,0.0,0.0,0.0,1.0,0.89
2019/5/29 10:22,0.0,0.0,0.0,1.0,0.804
2019/5/29 10:25,0.0,0.0,1.0,0.0,1.11
2019/5/29 10:26,0.0,0.0,1.0,0.0,1.245
2019/5/29 10:27,0.0,0.0,1.0,0.0,1.0979999999999999
2019/5/29 10:30,0.0,0.0,0.0,1.0,1.972
2019/5/29 10:32,0.0,0.0,0.0,1.0,0.91
2019/5/29 10:40,0.0,0.0,1.0,0.0,1.021
2019/5/29 10:41,0.0,0.0,1.0,0.0,1.0
2019/5/29 10:42,0.0,0.0,1.0,0.0,0.929
2019/5/29 10:43,0.0,0.0,1.0,0.0,0.924
2019/5/29 10:46,0.0,0.0,1.0,0.0,0.915
2019/5/29 10:47,0.0,0.0,1.0,0.0,1.0659999999999998
2019/5/29 10:48,0.0,0.0,1.0,0.0,0.961
2019/5/29 10:57,0.0,0.0,0.0,1.0,6.622999999999999
2019/5/29 10:59,0.0,0.0,0.0,1.0,1.5290000000000001
2019/5/29 11:13,0.0,0.0,0.0,1.0,1.053
2019/5/29 11:15,0.0,0.0,0.0,1.0,0.878
2019/5/29 11:17,0.0,0.0,0.0,1.0,0.831
2019/5/29 13:02,0.0,0.0,0.0,1.0,1.054
2019/5/29 13:03,0.0,0.0,0.0,1.0,1.175
2019/5/29 13:04,0.0,0.0,0.0,1.0,1.227
2019/5/29 13:05,1.0,1.0,0.0,1.0,1.367
2019/5/29 13:06,0.0,0.0,0.0,1.0,1.3730000000000002
2019/5/29 13:25,0.0,0.0,0.0,1.0,1.0290000000000001
2019/5/29 13:26,0.0,0.0,0.0,1.0,0.9640000000000001
2019/5/29 13:27,0.0,0.0,0.0,1.0,0.998
2019/5/29 13:28,0.0,0.0,0.0,1.0,1.02
2019/5/29 13:29,0.0,0.0,0.0,1.0,0.9359999999999999
2019/5/29 13:30,1.0,1.0,0.0,1.0,1.3230000000000002
2019/5/29 13:31,1.0,1.0,0.0,1.0,1.396
2019/5/29 13:32,0.0,0.0,0.0,1.0,1.236
2019/5/29 13:37,0.0,0.0,0.0,1.0,1.6569999999999998
2019/5/29 13:38,0.0,0.0,0.0,1.0,1.232
2019/5/29 13:39,0.0,0.0,0.0,1.0,1.5819999999999999
2019/5/29 13:40,1.0,1.0,0.0,1.0,1.633
2019/5/29 13:41,1.0,1.0,0.0,1.0,1.48
2019/5/29 13:42,1.0,1.0,0.0,1.0,1.546
2019/5/29 13:43,1.0,1.0,0.0,1.0,1.8259999999999998
2019/5/29 13:44,1.0,1.0,0.0,1.0,2.57
2019/5/29 13:45,1.0,1.0,0.0,1.0,1.776
2019/5/29 13:46,1.0,1.0,0.0,1.0,2.154
2019/5/29 13:50,0.0,0.0,1.0,0.0,0.9890000000000001
2019/5/29 13:51,0.0,0.0,1.0,0.0,0.904
2019/5/29 13:52,0.0,0.0,1.0,0.0,1.254
2019/5/29 13:53,0.0,0.0,1.0,0.0,1.25
2019/5/29 13:54,9.0,9.0,1.0,0.0,1.025
2019/5/29 13:55,0.0,0.0,1.0,0.0,1.237
2019/5/29 13:56,0.0,0.0,1.0,0.0,1.157
2019/5/29 13:57,0.0,0.0,1.0,0.0,1.033
2019/5/29 13:58,0.0,0.0,1.0,0.0,0.889
2019/5/29 14:02,0.0,0.0,1.0,0.0,1.695
2019/5/29 14:03,0.0,0.0,1.0,0.0,1.399
2019/5/29 14:04,0.0,0.0,1.0,0.0,1.101
2019/5/29 14:05,0.0,0.0,1.0,0.0,0.95
2019/5/29 14:08,0.0,0.0,0.0,1.0,1.008
2019/5/29 14:09,0.0,0.0,0.0,1.0,0.958
2019/5/29 14:10,0.0,0.0,0.0,1.0,1.055
2019/5/29 14:14,0.0,0.0,0.0,1.0,1.8219999999999998
2019/5/29 14:15,1.0,1.0,0.0,1.0,1.653
2019/5/29 14:16,0.0,0.0,0.0,1.0,1.238
2019/5/29 14:17,0.0,0.0,0.0,1.0,1.13
2019/5/29 14:18,0.0,0.0,0.0,1.0,1.327
2019/5/29 14:19,0.0,0.0,0.0,1.0,1.047
2019/5/29 14:22,0.0,0.0,1.0,0.0,1.2790000000000001
2019/5/29 14:23,0.0,0.0,1.0,0.0,1.003
2019/5/29 14:24,0.0,0.0,1.0,0.0,1.216
2019/5/29 14:25,9.0,9.0,1.0,0.0,1.021
2019/5/29 14:26,0.0,0.0,1.0,0.0,1.088
2019/5/29 14:30,0.0,0.0,0.0,1.0,3.325
2019/5/29 14:31,0.0,0.0,0.0,1.0,1.15
2019/5/29 14:42,0.0,0.0,0.0,1.0,1.546
2019/5/29 14:43,0.0,0.0,0.0,1.0,1.122
2019/5/29 14:45,0.0,0.0,1.0,0.0,2.351
2019/5/29 14:46,0.0,0.0,1.0,0.0,1.023
2019/5/29 14:47,0.0,0.0,1.0,0.0,1.016
2019/5/29 14:48,0.0,0.0,1.0,0.0,1.051
2019/5/29 14:49,0.0,0.0,1.0,0.0,1.18
2019/5/29 14:50,0.0,0.0,1.0,0.0,0.812
2019/5/29 14:52,0.0,0.0,1.0,0.0,1.324
2019/5/29 14:53,0.0,0.0,1.0,0.0,1.035
2019/5/29 14:56,0.0,0.0,1.0,0.0,9.269
2019/5/30 9:43,0.0,0.0,1.0,0.0,0.868
2019/5/30 9:46,0.0,0.0,1.0,0.0,0.972
2019/5/30 9:47,0.0,0.0,1.0,0.0,1.085
2019/5/30 9:48,0.0,0.0,1.0,0.0,1.109
2019/5/30 9:49,0.0,0.0,1.0,0.0,0.9620000000000001
2019/5/30 9:50,0.0,0.0,1.0,0.0,1.034
2019/5/30 9:58,0.0,0.0,0.0,1.0,1.1179999999999999
2019/5/30 10:02,0.0,0.0,1.0,0.0,0.878
2019/5/30 10:04,0.0,0.0,1.0,0.0,1.002
2019/5/30 10:05,0.0,0.0,1.0,0.0,1.234
2019/5/30 10:16,0.0,0.0,1.0,0.0,2.1390000000000002
2019/5/30 10:17,0.0,0.0,1.0,0.0,1.229
2019/5/30 10:18,0.0,0.0,1.0,0.0,1.071
2019/5/30 10:20,0.0,0.0,1.0,0.0,1.052
2019/5/30 10:27,0.0,0.0,1.0,0.0,0.805
2019/5/30 10:32,0.0,0.0,0.0,1.0,1.28
2019/5/30 10:33,0.0,0.0,0.0,1.0,0.977
2019/5/30 10:34,0.0,0.0,0.0,1.0,0.8690000000000001
2019/5/30 10:35,0.0,0.0,0.0,1.0,0.804
2019/5/30 10:39,0.0,0.0,0.0,1.0,0.84
2019/5/30 10:40,0.0,0.0,0.0,1.0,0.9109999999999999
2019/5/30 10:44,0.0,0.0,0.0,1.0,0.8220000000000001
2019/5/30 10:46,0.0,0.0,1.0,0.0,1.5030000000000001
2019/5/30 10:50,0.0,0.0,1.0,0.0,1.0
2019/5/30 10:51,0.0,0.0,1.0,0.0,1.0859999999999999
2019/5/30 10:52,0.0,0.0,1.0,0.0,1.03
2019/5/30 10:53,0.0,0.0,1.0,0.0,1.133
2019/5/30 10:56,0.0,0.0,1.0,0.0,0.9670000000000001
2019/5/30 11:00,0.0,0.0,1.0,0.0,1.057
2019/5/30 11:06,0.0,0.0,0.0,1.0,1.155
2019/5/30 11:08,0.0,0.0,0.0,1.0,0.955
2019/5/30 11:09,0.0,0.0,0.0,1.0,0.8270000000000001
2019/5/30 11:10,0.0,0.0,0.0,1.0,0.924
2019/5/30 11:11,0.0,0.0,0.0,1.0,0.86
2019/5/30 11:12,0.0,0.0,1.0,0.0,1.95
2019/5/30 11:13,0.0,0.0,1.0,0.0,0.862
2019/5/30 11:18,0.0,0.0,0.0,1.0,1.5190000000000001
2019/5/30 11:29,0.0,0.0,1.0,0.0,1.921
2019/5/30 13:01,0.0,0.0,0.0,1.0,3.15
2019/5/30 13:02,0.0,0.0,0.0,1.0,2.167
2019/5/30 13:03,0.0,0.0,0.0,1.0,1.92
2019/5/30 13:04,0.0,0.0,0.0,1.0,2.6630000000000003
2019/5/30 13:05,0.0,0.0,0.0,1.0,2.556
2019/5/30 13:06,1.0,1.0,0.0,1.0,2.734
2019/5/30 13:07,1.0,1.0,0.0,1.0,1.885
2019/5/30 13:08,1.0,1.0,0.0,1.0,1.423
2019/5/30 13:09,0.0,0.0,0.0,1.0,1.92
2019/5/30 13:12,0.0,0.0,1.0,0.0,1.443
2019/5/30 13:13,0.0,0.0,1.0,0.0,1.033
2019/5/30 13:14,0.0,0.0,1.0,0.0,0.8909999999999999
2019/5/30 13:15,0.0,0.0,1.0,0.0,0.816
2019/5/30 13:16,9.0,9.0,1.0,0.0,0.9590000000000001
2019/5/30 13:23,0.0,0.0,0.0,1.0,2.924
2019/5/30 13:38,0.0,0.0,1.0,0.0,0.8140000000000001
2019/5/30 13:49,0.0,0.0,1.0,0.0,1.183
2019/5/30 13:52,0.0,0.0,1.0,0.0,0.81
2019/5/30 13:54,0.0,0.0,1.0,0.0,0.9790000000000001
2019/5/30 13:57,0.0,0.0,0.0,1.0,0.8320000000000001
2019/5/30 14:06,0.0,0.0,0.0,1.0,0.9490000000000001
2019/5/30 14:07,0.0,0.0,0.0,1.0,0.838
2019/5/30 14:08,0.0,0.0,0.0,1.0,0.805
2019/5/30 14:09,0.0,0.0,0.0,1.0,0.812
2019/5/30 14:10,0.0,0.0,0.0,1.0,0.898
2019/5/30 14:11,0.0,0.0,0.0,1.0,0.9329999999999999
2019/5/30 14:17,0.0,0.0,1.0,0.0,1.255
2019/5/30 14:21,0.0,0.0,0.0,1.0,0.8270000000000001
2019/5/30 14:39,0.0,0.0,0.0,1.0,1.1179999999999999
2019/5/30 14:40,0.0,0.0,0.0,1.0,0.836
2019/5/30 14:41,0.0,0.0,0.0,1.0,0.991
2019/5/30 14:47,0.0,0.0,1.0,0.0,1.0859999999999999
2019/5/30 14:49,0.0,0.0,1.0,0.0,0.885
2019/5/30 14:50,0.0,0.0,1.0,0.0,1.621
2019/5/31 9:33,0.0,0.0,1.0,0.0,1.585
2019/5/31 9:34,0.0,0.0,1.0,0.0,3.221
2019/5/31 9:38,0.0,0.0,0.0,1.0,0.815
2019/5/31 9:42,0.0,0.0,0.0,1.0,1.194
2019/5/31 9:43,0.0,0.0,0.0,1.0,1.137
2019/5/31 9:44,0.0,0.0,0.0,1.0,1.023
2019/5/31 9:45,0.0,0.0,0.0,1.0,1.054
2019/5/31 9:46,1.0,1.0,0.0,1.0,1.591
2019/5/31 9:47,0.0,0.0,1.0,0.0,0.828
2019/5/31 9:49,9.0,9.0,1.0,0.0,1.16
2019/5/31 9:50,0.0,0.0,1.0,0.0,1.962
2019/5/31 9:59,0.0,0.0,0.0,1.0,1.297
2019/5/31 10:04,0.0,0.0,0.0,1.0,1.225
2019/5/31 10:05,0.0,0.0,0.0,1.0,1.042
2019/5/31 10:06,0.0,0.0,0.0,1.0,1.133
2019/5/31 10:07,0.0,0.0,0.0,1.0,0.882
2019/5/31 10:08,0.0,0.0,0.0,1.0,0.946
2019/5/31 10:09,0.0,0.0,0.0,1.0,1.239
2019/5/31 10:18,0.0,0.0,1.0,0.0,1.084
2019/5/31 10:19,0.0,0.0,1.0,0.0,0.995
2019/5/31 10:20,0.0,0.0,1.0,0.0,0.845
2019/5/31 10:21,0.0,0.0,1.0,0.0,1.072
2019/5/31 10:22,0.0,0.0,1.0,0.0,1.2229999999999999
2019/5/31 10:23,0.0,0.0,1.0,0.0,1.137
2019/5/31 10:28,0.0,0.0,1.0,0.0,1.915
2019/5/31 10:30,0.0,0.0,1.0,0.0,1.135
2019/5/31 10:31,0.0,0.0,1.0,0.0,0.935
2019/5/31 10:34,0.0,0.0,1.0,0.0,0.885
2019/5/31 10:35,0.0,0.0,1.0,0.0,0.866
2019/5/31 10:38,0.0,0.0,0.0,1.0,0.9590000000000001
2019/5/31 10:40,0.0,0.0,0.0,1.0,1.1159999999999999
2019/5/31 10:41,0.0,0.0,0.0,1.0,0.9590000000000001
2019/5/31 10:42,0.0,0.0,1.0,0.0,0.883
2019/5/31 10:44,0.0,0.0,1.0,0.0,0.813
2019/5/31 10:46,0.0,0.0,1.0,0.0,0.914
2019/5/31 10:58,0.0,0.0,0.0,1.0,1.431
2019/5/31 11:02,0.0,0.0,1.0,0.0,0.858
2019/5/31 11:03,0.0,0.0,1.0,0.0,0.82
2019/5/31 11:04,0.0,0.0,1.0,0.0,1.0
2019/5/31 11:05,0.0,0.0,1.0,0.0,0.888
2019/5/31 11:06,0.0,0.0,1.0,0.0,0.8220000000000001
2019/5/31 11:13,0.0,0.0,1.0,0.0,1.367
2019/5/31 11:19,0.0,0.0,0.0,1.0,0.802
2019/5/31 11:22,0.0,0.0,0.0,1.0,0.893
2019/5/31 11:24,0.0,0.0,0.0,1.0,0.904
2019/5/31 11:25,0.0,0.0,0.0,1.0,0.857
2019/5/31 11:26,0.0,0.0,0.0,1.0,0.9670000000000001
2019/5/31 11:28,0.0,0.0,1.0,0.0,0.853
2019/5/31 13:05,0.0,0.0,0.0,1.0,0.897
2019/5/31 13:15,0.0,0.0,0.0,1.0,1.026
2019/5/31 13:16,0.0,0.0,0.0,1.0,0.9540000000000001
2019/5/31 13:17,0.0,0.0,0.0,1.0,0.9520000000000001
2019/5/31 13:18,0.0,0.0,0.0,1.0,0.846
2019/5/31 13:19,0.0,0.0,0.0,1.0,0.8690000000000001
2019/5/31 13:20,0.0,0.0,0.0,1.0,0.883
2019/5/31 13:23,0.0,0.0,1.0,0.0,1.092
2019/5/31 13:24,0.0,0.0,1.0,0.0,0.982
2019/5/31 13:25,0.0,0.0,1.0,0.0,1.079
2019/5/31 13:26,0.0,0.0,1.0,0.0,0.9890000000000001
2019/5/31 13:27,0.0,0.0,1.0,0.0,1.177
2019/5/31 13:28,0.0,0.0,1.0,0.0,0.9209999999999999
2019/5/31 13:29,0.0,0.0,1.0,0.0,1.286
2019/5/31 13:30,0.0,0.0,1.0,0.0,1.042
2019/5/31 13:31,0.0,0.0,1.0,0.0,0.851
2019/5/31 13:42,0.0,0.0,0.0,1.0,1.119
2019/5/31 13:43,0.0,0.0,0.0,1.0,0.836
2019/5/31 13:48,0.0,0.0,1.0,0.0,1.158
2019/5/31 13:49,0.0,0.0,1.0,0.0,0.961
2019/5/31 13:50,0.0,0.0,1.0,0.0,0.8220000000000001
2019/5/31 13:55,0.0,0.0,1.0,0.0,0.805
2019/5/31 13:57,0.0,0.0,1.0,0.0,1.197
2019/5/31 13:58,0.0,0.0,1.0,0.0,1.0
2019/5/31 13:59,0.0,0.0,1.0,0.0,0.8959999999999999
2019/5/31 14:00,0.0,0.0,1.0,0.0,1.12
2019/5/31 14:01,0.0,0.0,1.0,0.0,1.057
2019/5/31 14:12,0.0,0.0,0.0,1.0,1.0070000000000001
2019/5/31 14:13,0.0,0.0,0.0,1.0,0.9670000000000001
2019/5/31 14:17,0.0,0.0,1.0,0.0,0.94
2019/5/31 14:18,0.0,0.0,1.0,0.0,0.9620000000000001
2019/5/31 14:19,0.0,0.0,1.0,0.0,0.8320000000000001
2019/5/31 14:22,0.0,0.0,0.0,1.0,1.35
2019/5/31 14:23,0.0,0.0,0.0,1.0,0.93
2019/5/31 14:24,0.0,0.0,0.0,1.0,1.101
2019/5/31 14:25,0.0,0.0,0.0,1.0,0.838
2019/5/31 14:41,0.0,0.0,0.0,1.0,1.393
2019/5/31 14:42,0.0,0.0,0.0,1.0,0.97
2019/5/31 14:44,0.0,0.0,0.0,1.0,0.8079999999999999
2019/5/31 14:46,0.0,0.0,0.0,1.0,0.853
2019/5/31 14:54,0.0,0.0,1.0,0.0,0.9740000000000001
2019/5/31 14:55,0.0,0.0,1.0,0.0,1.112
2019/5/31 14:56,0.0,0.0,1.0,0.0,1.158
2019/5/31 14:57,0.0,0.0,1.0,0.0,0.99
2019/5/31 14:58,0.0,0.0,1.0,0.0,1.27
2019/6/3 9:40,0.0,0.0,0.0,1.0,0.946
2019/6/3 9:41,0.0,0.0,0.0,1.0,0.862
2019/6/3 9:42,0.0,0.0,0.0,1.0,1.02
2019/6/3 9:43,0.0,0.0,0.0,1.0,1.274
2019/6/3 9:44,0.0,0.0,0.0,1.0,2.0669999999999997
2019/6/3 9:45,1.0,1.0,0.0,1.0,1.482
2019/6/3 9:46,1.0,1.0,0.0,1.0,1.255
2019/6/3 9:47,1.0,1.0,0.0,1.0,1.338
2019/6/3 9:48,1.0,1.0,0.0,1.0,1.345
2019/6/3 9:49,1.0,1.0,0.0,1.0,2.716
2019/6/3 9:50,0.0,0.0,0.0,1.0,2.295
2019/6/3 9:53,9.0,9.0,1.0,0.0,0.8490000000000001
2019/6/3 9:54,0.0,0.0,1.0,0.0,0.8029999999999999
2019/6/3 10:00,0.0,0.0,1.0,0.0,0.818
2019/6/3 10:01,0.0,0.0,1.0,0.0,0.843
2019/6/3 10:03,0.0,0.0,1.0,0.0,0.836
2019/6/3 10:09,0.0,0.0,0.0,1.0,1.034
2019/6/3 10:16,0.0,0.0,1.0,0.0,0.841
2019/6/3 10:30,0.0,0.0,1.0,0.0,1.003
2019/6/3 10:31,0.0,0.0,1.0,0.0,0.978
2019/6/3 10:38,0.0,0.0,0.0,1.0,1.196
2019/6/3 10:39,0.0,0.0,0.0,1.0,0.965
2019/6/3 10:40,0.0,0.0,0.0,1.0,0.83
2019/6/3 10:41,0.0,0.0,1.0,0.0,1.939
2019/6/3 10:42,0.0,0.0,1.0,0.0,0.941
2019/6/3 10:51,0.0,0.0,1.0,0.0,0.8059999999999999
2019/6/3 10:52,0.0,0.0,1.0,0.0,0.93
2019/6/3 10:53,0.0,0.0,1.0,0.0,0.992
2019/6/3 10:54,0.0,0.0,1.0,0.0,1.163
2019/6/3 11:00,0.0,0.0,0.0,1.0,1.138
2019/6/3 11:02,0.0,0.0,1.0,0.0,1.03
2019/6/3 11:03,0.0,0.0,1.0,0.0,0.919
2019/6/3 11:04,0.0,0.0,1.0,0.0,0.882
2019/6/3 11:06,0.0,0.0,1.0,0.0,0.809
2019/6/3 11:13,0.0,0.0,0.0,1.0,1.07
2019/6/3 11:15,0.0,0.0,0.0,1.0,0.9109999999999999
2019/6/3 11:16,0.0,0.0,0.0,1.0,0.932
2019/6/3 11:17,0.0,0.0,0.0,1.0,1.274
2019/6/3 11:25,0.0,0.0,0.0,1.0,1.744
2019/6/3 11:26,0.0,0.0,0.0,1.0,0.988
2019/6/3 11:29,0.0,0.0,0.0,1.0,0.8170000000000001
2019/6/3 13:02,0.0,0.0,0.0,1.0,0.838
2019/6/3 13:03,0.0,0.0,0.0,1.0,0.96
2019/6/3 13:04,0.0,0.0,0.0,1.0,1.0190000000000001
2019/6/3 13:05,0.0,0.0,0.0,1.0,1.319
2019/6/3 13:07,0.0,0.0,0.0,1.0,1.133
2019/6/3 13:08,0.0,0.0,0.0,1.0,0.875
2019/6/3 13:09,0.0,0.0,0.0,1.0,0.975
2019/6/3 13:10,0.0,0.0,0.0,1.0,0.812
2019/6/3 13:11,0.0,0.0,0.0,1.0,0.8590000000000001
2019/6/3 13:12,0.0,0.0,0.0,1.0,0.833
2019/6/3 13:17,0.0,0.0,1.0,0.0,1.263
2019/6/3 13:18,0.0,0.0,1.0,0.0,0.873
2019/6/3 13:30,0.0,0.0,1.0,0.0,1.083
2019/6/3 13:32,0.0,0.0,1.0,0.0,1.208
2019/6/3 13:36,0.0,0.0,0.0,1.0,1.403
2019/6/3 13:37,0.0,0.0,0.0,1.0,0.845
2019/6/3 13:38,0.0,0.0,0.0,1.0,0.816
2019/6/3 13:41,0.0,0.0,0.0,1.0,1.01
2019/6/3 13:44,0.0,0.0,0.0,1.0,1.411
2019/6/3 13:45,0.0,0.0,0.0,1.0,0.9790000000000001
2019/6/3 13:46,0.0,0.0,0.0,1.0,0.84
2019/6/3 13:52,0.0,0.0,1.0,0.0,2.782
2019/6/3 13:53,0.0,0.0,1.0,0.0,1.129
2019/6/3 13:54,0.0,0.0,1.0,0.0,0.887
2019/6/3 13:55,0.0,0.0,1.0,0.0,0.875
2019/6/3 13:56,0.0,0.0,1.0,0.0,0.9590000000000001
2019/6/3 13:57,0.0,0.0,1.0,0.0,0.946
2019/6/3 14:00,0.0,0.0,1.0,0.0,0.9259999999999999
2019/6/3 14:12,0.0,0.0,1.0,0.0,0.805
2019/6/3 14:27,0.0,0.0,0.0,1.0,1.256
2019/6/3 14:28,0.0,0.0,0.0,1.0,1.137
2019/6/3 14:29,0.0,0.0,0.0,1.0,1.06
2019/6/3 14:30,0.0,0.0,0.0,1.0,0.8029999999999999
2019/6/3 14:31,0.0,0.0,0.0,1.0,1.058
2019/6/3 14:32,0.0,0.0,0.0,1.0,0.81
2019/6/3 14:50,0.0,0.0,1.0,0.0,1.034
2019/6/4 9:40,0.0,0.0,1.0,0.0,3.1289999999999996
2019/6/4 9:41,0.0,0.0,1.0,0.0,1.537
2019/6/4 9:42,0.0,0.0,1.0,0.0,0.973
2019/6/4 9:43,0.0,0.0,1.0,0.0,1.2
2019/6/4 9:44,0.0,0.0,1.0,0.0,1.115
2019/6/4 9:57,0.0,0.0,1.0,0.0,1.955
2019/6/4 9:58,0.0,0.0,1.0,0.0,0.996
2019/6/4 9:59,0.0,0.0,1.0,0.0,0.898
2019/6/4 10:00,0.0,0.0,1.0,0.0,0.9359999999999999
2019/6/4 10:01,0.0,0.0,1.0,0.0,1.139
2019/6/4 10:02,0.0,0.0,1.0,0.0,0.981
2019/6/4 10:04,0.0,0.0,1.0,0.0,0.8640000000000001
2019/6/4 10:05,0.0,0.0,1.0,0.0,0.937
2019/6/4 10:12,0.0,0.0,1.0,0.0,0.935
2019/6/4 10:13,0.0,0.0,1.0,0.0,0.828
2019/6/4 10:20,0.0,0.0,0.0,1.0,0.8959999999999999
2019/6/4 10:21,0.0,0.0,0.0,1.0,1.085
2019/6/4 10:25,0.0,0.0,1.0,0.0,1.636
2019/6/4 10:26,0.0,0.0,1.0,0.0,0.861
2019/6/4 10:31,0.0,0.0,0.0,1.0,1.8
2019/6/4 10:32,0.0,0.0,0.0,1.0,1.301
2019/6/4 10:35,0.0,0.0,1.0,0.0,1.146
2019/6/4 10:36,0.0,0.0,1.0,0.0,0.883
2019/6/4 10:50,0.0,0.0,1.0,0.0,0.879
2019/6/4 10:57,0.0,0.0,0.0,1.0,0.953
2019/6/4 11:06,0.0,0.0,1.0,0.0,0.9059999999999999
2019/6/4 11:07,0.0,0.0,1.0,0.0,0.914
2019/6/4 11:09,0.0,0.0,1.0,0.0,0.807
2019/6/4 11:13,0.0,0.0,1.0,0.0,0.9279999999999999
2019/6/4 11:20,0.0,0.0,0.0,1.0,1.385
2019/6/4 11:21,0.0,0.0,0.0,1.0,1.141
2019/6/4 11:22,0.0,0.0,0.0,1.0,0.9
2019/6/4 11:23,0.0,0.0,0.0,1.0,0.998
2019/6/4 11:24,0.0,0.0,0.0,1.0,0.986
2019/6/4 11:25,0.0,0.0,0.0,1.0,0.9259999999999999
2019/6/4 13:05,0.0,0.0,1.0,0.0,3.883
2019/6/4 13:06,0.0,0.0,1.0,0.0,1.181
2019/6/4 13:12,0.0,0.0,0.0,1.0,1.068
2019/6/4 13:13,0.0,0.0,0.0,1.0,0.9359999999999999
2019/6/4 13:14,0.0,0.0,0.0,1.0,0.8640000000000001
2019/6/4 13:15,0.0,0.0,0.0,1.0,1.006
2019/6/4 13:45,0.0,0.0,0.0,1.0,1.5019999999999998
2019/6/4 13:46,0.0,0.0,0.0,1.0,0.8690000000000001
2019/6/4 13:47,0.0,0.0,0.0,1.0,1.032
2019/6/4 13:51,0.0,0.0,1.0,0.0,0.978
2019/6/4 13:55,0.0,0.0,0.0,1.0,1.229
2019/6/4 13:56,0.0,0.0,0.0,1.0,1.173
2019/6/4 13:57,0.0,0.0,0.0,1.0,1.391
2019/6/4 13:58,0.0,0.0,0.0,1.0,1.128
2019/6/4 13:59,0.0,0.0,0.0,1.0,1.153
2019/6/4 14:23,0.0,0.0,1.0,0.0,1.0090000000000001
2019/6/4 14:24,0.0,0.0,1.0,0.0,0.821
2019/6/4 14:29,0.0,0.0,0.0,1.0,1.239
2019/6/4 14:30,0.0,0.0,0.0,1.0,1.149
2019/6/4 14:44,0.0,0.0,0.0,1.0,0.8059999999999999
2019/6/5 9:39,0.0,0.0,1.0,0.0,0.9740000000000001
2019/6/5 9:41,0.0,0.0,1.0,0.0,0.8109999999999999
2019/6/5 9:44,0.0,0.0,1.0,0.0,1.28
2019/6/5 9:45,0.0,0.0,1.0,0.0,0.841
2019/6/5 9:52,0.0,0.0,1.0,0.0,0.965
2019/6/5 9:58,0.0,0.0,0.0,1.0,2.431
2019/6/5 9:59,0.0,0.0,0.0,1.0,1.0859999999999999
2019/6/5 10:00,0.0,0.0,0.0,1.0,1.2790000000000001
2019/6/5 10:01,0.0,0.0,0.0,1.0,2.795
2019/6/5 10:13,0.0,0.0,0.0,1.0,2.489
2019/6/5 10:14,0.0,0.0,0.0,1.0,0.89
2019/6/5 10:15,0.0,0.0,0.0,1.0,1.068
2019/6/5 10:16,0.0,0.0,0.0,1.0,1.318
2019/6/5 10:19,0.0,0.0,1.0,0.0,1.24
2019/6/5 10:20,0.0,0.0,1.0,0.0,0.8079999999999999
2019/6/5 10:35,0.0,0.0,1.0,0.0,0.8109999999999999
2019/6/5 10:37,0.0,0.0,1.0,0.0,0.825
2019/6/5 10:44,0.0,0.0,0.0,1.0,1.671
2019/6/5 10:45,0.0,0.0,0.0,1.0,0.924
2019/6/5 10:47,0.0,0.0,1.0,0.0,0.935
2019/6/5 10:48,0.0,0.0,1.0,0.0,0.915
2019/6/5 10:49,0.0,0.0,1.0,0.0,1.125
2019/6/5 10:50,0.0,0.0,1.0,0.0,0.9540000000000001
2019/6/5 10:51,0.0,0.0,1.0,0.0,1.251
2019/6/5 10:52,0.0,0.0,1.0,0.0,1.263
2019/6/5 11:01,0.0,0.0,0.0,1.0,1.181
2019/6/5 11:02,0.0,0.0,0.0,1.0,1.03
2019/6/5 11:04,0.0,0.0,0.0,1.0,0.8290000000000001
2019/6/5 11:05,0.0,0.0,0.0,1.0,0.948
2019/6/5 11:11,0.0,0.0,1.0,0.0,1.3969999999999998
2019/6/5 11:16,0.0,0.0,0.0,1.0,0.867
2019/6/5 11:17,0.0,0.0,0.0,1.0,0.857
2019/6/5 11:18,0.0,0.0,0.0,1.0,0.915
2019/6/5 11:22,0.0,0.0,1.0,0.0,0.943
2019/6/5 11:28,0.0,0.0,0.0,1.0,1.374
2019/6/5 11:29,0.0,0.0,0.0,1.0,0.977
2019/6/5 11:30,0.0,0.0,0.0,1.0,0.838
2019/6/5 13:05,0.0,0.0,0.0,1.0,0.88
2019/6/5 13:06,0.0,0.0,0.0,1.0,0.8809999999999999
2019/6/5 13:07,1.0,1.0,0.0,1.0,1.59
2019/6/5 13:08,1.0,1.0,0.0,1.0,1.639
2019/6/5 13:09,1.0,1.0,0.0,1.0,1.262
2019/6/5 13:12,0.0,0.0,1.0,0.0,1.136
2019/6/5 13:13,0.0,0.0,1.0,0.0,1.314
2019/6/5 13:14,0.0,0.0,1.0,0.0,1.287
2019/6/5 13:15,0.0,0.0,1.0,0.0,1.032
2019/6/5 13:26,0.0,0.0,1.0,0.0,1.442
2019/6/5 13:27,0.0,0.0,1.0,0.0,1.0270000000000001
2019/6/5 13:28,0.0,0.0,1.0,0.0,0.9129999999999999
2019/6/5 13:29,0.0,0.0,1.0,0.0,0.867
2019/6/5 13:30,9.0,9.0,1.0,0.0,1.022
2019/6/5 13:31,0.0,0.0,1.0,0.0,1.209
2019/6/5 13:33,0.0,0.0,1.0,0.0,1.2009999999999998
2019/6/5 13:52,0.0,0.0,0.0,1.0,1.005
2019/6/5 13:53,0.0,0.0,0.0,1.0,0.835
2019/6/5 13:57,0.0,0.0,1.0,0.0,1.27
2019/6/5 13:58,0.0,0.0,1.0,0.0,0.909
2019/6/5 14:01,0.0,0.0,1.0,0.0,0.8190000000000001
2019/6/5 14:17,1.0,1.0,1.0,0.0,1.3219999999999998
2019/6/5 14:20,0.0,0.0,1.0,0.0,0.8009999999999999
2019/6/5 14:31,0.0,0.0,1.0,0.0,0.929
2019/6/5 14:32,0.0,0.0,1.0,0.0,0.91
2019/6/5 14:35,0.0,0.0,1.0,0.0,0.865
2019/6/5 14:36,0.0,0.0,1.0,0.0,0.8640000000000001
2019/6/5 14:37,0.0,0.0,1.0,0.0,0.9079999999999999
2019/6/5 14:39,0.0,0.0,1.0,0.0,1.022
2019/6/5 14:40,0.0,0.0,1.0,0.0,0.935
2019/6/5 14:41,0.0,0.0,1.0,0.0,0.84
2019/6/5 14:42,0.0,0.0,1.0,0.0,0.85
2019/6/5 14:44,0.0,0.0,1.0,0.0,1.392
2019/6/6 9:31,0.0,0.0,1.0,0.0,1.026
2019/6/6 9:39,0.0,0.0,1.0,0.0,0.9570000000000001
2019/6/6 9:40,0.0,0.0,1.0,0.0,0.9390000000000001
2019/6/6 9:41,0.0,0.0,1.0,0.0,1.056
2019/6/6 9:44,0.0,0.0,1.0,0.0,1.6680000000000001
2019/6/6 9:53,0.0,0.0,0.0,1.0,0.9
2019/6/6 10:02,0.0,0.0,0.0,1.0,2.388
2019/6/6 10:03,0.0,0.0,0.0,1.0,1.527
2019/6/6 10:04,0.0,0.0,0.0,1.0,1.102
2019/6/6 10:06,0.0,0.0,0.0,1.0,0.8
2019/6/6 10:09,0.0,0.0,0.0,1.0,0.894
2019/6/6 10:11,9.0,9.0,0.0,1.0,0.927
2019/6/6 10:12,0.0,0.0,0.0,1.0,0.861
2019/6/6 10:13,0.0,0.0,0.0,1.0,0.9790000000000001
2019/6/6 10:14,0.0,0.0,0.0,1.0,0.882
2019/6/6 10:19,0.0,0.0,1.0,0.0,0.8740000000000001
2019/6/6 10:43,0.0,0.0,0.0,1.0,0.851
2019/6/6 10:49,0.0,0.0,1.0,0.0,0.8340000000000001
2019/6/6 11:09,0.0,0.0,1.0,0.0,0.932
2019/6/6 11:13,0.0,0.0,1.0,0.0,3.178
2019/6/6 11:16,0.0,0.0,0.0,1.0,0.8
2019/6/6 11:25,0.0,0.0,0.0,1.0,0.943
2019/6/6 11:26,0.0,0.0,0.0,1.0,0.8959999999999999
2019/6/6 11:28,0.0,0.0,0.0,1.0,0.8190000000000001
2019/6/6 11:29,0.0,0.0,0.0,1.0,0.883
2019/6/6 13:11,0.0,0.0,1.0,0.0,0.9209999999999999
2019/6/6 13:12,0.0,0.0,1.0,0.0,0.812
2019/6/6 13:14,0.0,0.0,1.0,0.0,0.855
2019/6/6 13:16,0.0,0.0,1.0,0.0,0.9209999999999999
2019/6/6 13:38,0.0,0.0,1.0,0.0,0.8109999999999999
2019/6/6 13:40,0.0,0.0,1.0,0.0,0.975
2019/6/6 13:43,0.0,0.0,0.0,1.0,0.88
2019/6/6 13:46,0.0,0.0,0.0,1.0,0.821
2019/6/6 13:50,0.0,0.0,1.0,0.0,0.8079999999999999
2019/6/6 13:51,0.0,0.0,1.0,0.0,0.9390000000000001
2019/6/6 13:58,0.0,0.0,1.0,0.0,0.885
2019/6/6 13:59,0.0,0.0,1.0,0.0,0.899
2019/6/6 14:05,0.0,0.0,0.0,1.0,1.093
2019/6/6 14:18,0.0,0.0,1.0,0.0,1.103
2019/6/6 14:19,0.0,0.0,1.0,0.0,0.8759999999999999
2019/6/6 14:31,0.0,0.0,1.0,0.0,1.005
2019/6/6 14:32,0.0,0.0,1.0,0.0,1.288
2019/6/6 14:33,0.0,0.0,1.0,0.0,1.382
2019/6/6 14:34,0.0,0.0,1.0,0.0,1.3090000000000002
2019/6/6 14:35,0.0,0.0,1.0,0.0,1.376
2019/6/6 14:55,0.0,0.0,1.0,0.0,0.912
2019/6/6 14:56,0.0,0.0,1.0,0.0,0.8809999999999999
